student_id,age,program,semester,gpa,attendance,assignments_completion,stress_level,sleep_hours,mental_wellbeing,productivity_score,distractions,career_clarity,skill_readiness,engagement_score,APS,WWS,PTMS,CRS,SRI,cluster_id,cluster_label,mentor_need,assigned_mentor,intervention,alert,priority
S001,20,B.Tech,8,5.78,77,96,6,6,5,6,2,9,6,66,59.43,51.0,67.8,72.0,62.14,0,Stable,wellness,M04,Regular Mentoring,OK,Normal
S002,25,MBA,4,8.37,60,70,7,8,9,7,4,2,2,61,46.51,71.5,64.3,20.0,49.69,1,At-Risk,academic,M01,Academic Intervention,⚠️ HIGH RISK ALERT,High
S003,18,MBA,7,6.57,76,100,4,4,3,9,1,5,10,79,59.97,41.0,86.7,80.0,65.58,0,High Performer,career,M03,Career Acceleration,OK,Normal
S004,19,MBA,4,8.21,90,87,10,4,6,3,6,3,4,58,64.86,38.0,41.4,36.0,46.24,0,At-Risk,academic,M01,Academic Intervention,⚠️ HIGH RISK ALERT,High
S005,23,B.Sc,4,6.1,78,76,6,4,4,10,3,8,4,96,56.03,40.0,89.8,56.0,58.77,0,Stable,wellness,M04,Regular Mentoring,OK,Normal
S006,19,MCA,7,5.05,91,91,6,8,6,8,6,4,5,83,65.22,62.0,68.9,46.0,60.35,0,Stable,wellness,M04,Regular Mentoring,OK,Normal
S007,20,B.Sc,6,6.49,72,68,7,5,8,5,5,1,10,71,51.55,57.0,56.3,64.0,56.97,1,Stable,wellness,M04,Regular Mentoring,OK,Normal
S008,21,B.Tech,1,9.22,100,81,6,7,8,5,10,7,10,72,68.97,66.5,41.6,88.0,67.64,3,Productivity Risk,productivity,M02,Productivity Coaching,OK,Normal
S009,20,B.Tech,3,5.21,88,67,3,4,8,7,9,4,5,60,58.96,63.5,49.0,46.0,54.86,3,At-Risk,academic,M01,Academic Intervention,OK,Normal
S010,24,B.Tech,5,8.13,73,84,7,5,10,8,9,7,8,47,55.74,65.0,49.1,76.0,61.79,3,Productivity Risk,productivity,M02,Productivity Coaching,OK,Normal
S011,18,MBA,1,5.58,93,77,8,8,7,3,6,4,5,87,63.57,61.0,50.1,46.0,55.84,3,Stable,wellness,M04,Regular Mentoring,OK,Normal
S012,24,MCA,4,7.93,76,84,2,9,3,5,8,6,4,61,57.18,63.5,44.3,48.0,53.89,3,At-Risk,academic,M01,Academic Intervention,OK,Normal
S013,18,MBA,7,7.8,97,63,2,4,6,6,8,9,9,48,63.44,58.0,44.4,90.0,64.91,3,Productivity Risk,productivity,M02,Productivity Coaching,OK,Normal
S014,20,B.Sc,5,6.85,71,91,3,4,7,9,7,2,2,68,55.75,59.5,65.4,20.0,49.68,1,At-Risk,academic,M01,Academic Intervention,⚠️ HIGH RISK ALERT,High
S015,25,MBA,5,6.98,96,91,8,6,5,5,2,4,10,77,68.29,46.0,67.1,76.0,64.41,0,High Performer,career,M03,Career Acceleration,OK,Normal
S016,22,MCA,8,8.45,89,61,7,4,7,9,7,7,4,49,59.23,49.5,59.7,52.0,55.08,0,Stable,wellness,M04,Regular Mentoring,OK,Normal
S017,24,MCA,3,9.1,75,81,4,9,10,4,9,8,8,67,56.43,86.5,39.1,80.0,66.37,3,Productivity Risk,productivity,M02,Productivity Coaching,OK,Normal
S018,21,MCA,4,6.81,63,99,1,4,10,10,1,3,7,50,53.34,76.5,82.0,54.0,65.03,2,High Performer,career,M03,Career Acceleration,OK,Normal
S019,22,B.Sc,2,5.87,80,60,6,9,9,3,7,1,6,41,53.76,77.5,33.3,40.0,52.16,3,At-Risk,academic,M01,Academic Intervention,OK,Normal
S020,21,B.Sc,2,8.04,72,78,9,7,3,6,9,2,4,58,54.01,39.0,44.4,32.0,42.83,1,At-Risk,academic,M01,Academic Intervention,⚠️ HIGH RISK ALERT,High
S021,23,B.Sc,2,9.29,85,70,2,6,7,5,1,6,8,67,59.29,69.0,67.1,72.0,66.46,2,High Performer,career,M03,Career Acceleration,OK,Normal
S022,20,B.Sc,4,8.67,81,60,1,5,8,10,7,5,3,53,55.1,72.0,64.9,38.0,57.01,1,Stable,wellness,M04,Regular Mentoring,OK,Normal
S023,24,MCA,7,6.04,61,66,1,9,9,8,8,9,10,79,45.51,90.0,61.7,96.0,72.49,2,High Performer,career,M03,Career Acceleration,OK,Normal
S024,23,B.Tech,2,8.71,86,86,4,4,3,9,5,9,8,41,62.81,41.0,63.3,84.0,62.75,0,Stable,wellness,M04,Regular Mentoring,OK,Normal
S025,25,MCA,1,6.9,73,73,9,9,7,5,2,1,4,87,53.17,62.0,70.1,28.0,52.47,1,At-Risk,academic,M01,Academic Intervention,OK,Normal
S026,21,MBA,3,9.5,75,78,3,5,9,4,6,8,9,46,55.95,71.0,41.8,86.0,64.39,3,Productivity Risk,productivity,M02,Productivity Coaching,OK,Normal
S027,22,MCA,4,6.52,75,85,6,9,7,3,3,1,2,83,56.46,69.5,57.9,16.0,49.89,1,At-Risk,academic,M01,Academic Intervention,⚠️ HIGH RISK ALERT,High
S028,19,MCA,6,8.66,81,75,5,9,9,10,10,9,4,91,58.1,80.0,67.3,60.0,65.89,2,High Performer,career,M03,Career Acceleration,OK,Normal
S029,24,B.Sc,1,5.95,78,77,8,5,6,7,8,8,10,43,56.18,46.5,46.9,92.0,60.86,3,Productivity Risk,productivity,M02,Productivity Coaching,OK,Normal
S030,19,MBA,2,5.99,97,68,1,6,5,9,2,5,2,40,63.9,63.5,72.0,32.0,57.45,0,Stable,wellness,M04,Regular Mentoring,OK,Normal
S031,22,B.Sc,4,5.31,87,87,1,8,9,6,7,3,8,41,62.49,86.5,45.3,60.0,64.43,3,Productivity Risk,productivity,M02,Productivity Coaching,OK,Normal
S032,19,MCA,1,7.28,85,67,1,7,4,8,2,5,8,95,58.08,63.0,84.5,68.0,67.07,2,High Performer,career,M03,Career Acceleration,OK,Normal
S033,22,B.Tech,8,6.67,65,77,6,6,4,6,7,8,5,40,49.9,47.0,45.0,62.0,51.22,1,At-Risk,academic,M01,Academic Intervention,OK,Normal
S034,25,MBA,4,9.03,98,75,3,4,4,7,4,7,10,95,66.71,47.5,74.5,88.0,68.79,0,High Performer,career,M03,Career Acceleration,OK,Normal
S035,23,MCA,8,7.72,79,77,2,8,10,7,6,1,8,60,57.22,88.0,58.0,52.0,63.77,2,Stable,wellness,M04,Regular Mentoring,OK,Normal
S036,18,B.Tech,1,7.5,81,60,2,7,9,7,4,8,7,90,54.75,80.5,73.0,74.0,69.65,2,High Performer,career,M03,Career Acceleration,OK,Normal
S037,21,B.Sc,8,7.43,94,76,7,4,10,6,5,3,5,98,64.43,61.5,68.4,42.0,58.88,0,Stable,wellness,M04,Regular Mentoring,OK,Normal
S038,22,MBA,3,8.95,78,74,4,7,10,10,10,1,4,59,56.48,79.5,57.7,28.0,55.36,1,Stable,wellness,M04,Regular Mentoring,OK,Normal
S039,22,B.Tech,1,5.88,90,69,7,7,9,4,1,5,7,49,60.56,68.0,57.7,62.0,62.21,3,Stable,wellness,M04,Regular Mentoring,OK,Normal
S040,25,MBA,7,8.98,66,68,8,7,10,4,10,9,7,79,49.29,69.5,39.7,78.0,59.6,3,Productivity Risk,productivity,M02,Productivity Coaching,OK,Normal
S041,22,MCA,3,8.79,82,94,10,6,6,8,1,5,7,69,62.44,45.0,79.7,62.0,61.42,0,Stable,wellness,M04,Regular Mentoring,OK,Normal
S042,19,B.Sc,8,9.2,61,61,1,6,10,4,9,7,5,91,45.46,83.5,46.3,58.0,58.27,2,Productivity Risk,productivity,M02,Productivity Coaching,OK,Normal
S043,21,MBA,6,5.99,66,93,4,9,3,3,8,1,6,57,53.4,58.5,35.1,40.0,47.66,3,At-Risk,academic,M01,Academic Intervention,⚠️ HIGH RISK ALERT,High
S044,20,MBA,1,6.59,82,75,3,7,5,7,9,5,3,70,57.98,62.0,52.0,38.0,52.79,1,At-Risk,academic,M01,Academic Intervention,OK,Normal
S045,21,B.Sc,2,7.43,73,90,3,5,3,6,4,4,5,71,56.73,47.0,63.3,46.0,52.93,1,At-Risk,academic,M01,Academic Intervention,OK,Normal
S046,21,B.Tech,6,7.55,95,99,1,7,5,10,6,9,4,60,69.56,67.0,70.0,60.0,66.62,0,High Performer,career,M03,Career Acceleration,OK,Normal
S047,22,B.Tech,3,7.46,86,78,7,9,8,5,7,10,7,73,60.84,71.0,50.9,82.0,66.68,3,High Performer,career,M03,Career Acceleration,OK,Normal
S048,19,B.Tech,3,6.13,92,97,8,9,5,6,2,3,8,62,67.24,56.5,66.6,60.0,62.62,0,Stable,wellness,M04,Regular Mentoring,OK,Normal
S049,21,B.Sc,6,6.53,64,93,6,8,8,8,10,7,6,61,52.56,70.0,50.3,64.0,59.33,2,Stable,wellness,M04,Regular Mentoring,OK,Normal
S050,25,B.Tech,3,8.07,62,100,6,8,4,9,2,10,6,43,53.42,54.0,72.9,76.0,63.11,2,Stable,wellness,M04,Regular Mentoring,OK,Normal
S051,20,MBA,8,5.25,67,60,2,4,8,10,1,8,8,46,47.08,66.0,80.8,80.0,66.78,2,High Performer,career,M03,Career Acceleration,OK,Normal
S052,19,MCA,6,7.05,83,75,1,5,3,9,3,2,5,46,58.62,52.0,70.8,38.0,54.25,1,At-Risk,academic,M01,Academic Intervention,OK,Normal
S053,22,MCA,3,6.89,66,62,6,4,4,5,3,10,7,94,47.47,40.0,69.2,82.0,58.58,1,Stable,wellness,M04,Regular Mentoring,OK,Normal
S054,22,MCA,2,6.36,97,97,3,4,6,9,10,10,9,81,69.81,55.5,60.3,94.0,70.38,0,High Performer,career,M03,Career Acceleration,OK,Normal
S055,23,B.Sc,5,5.59,69,98,2,8,6,7,10,9,6,49,55.78,72.0,42.7,72.0,61.27,3,Productivity Risk,productivity,M02,Productivity Coaching,OK,Normal
S056,24,MCA,4,7.65,83,75,4,5,8,7,10,1,6,40,58.8,64.5,40.0,40.0,51.77,3,At-Risk,academic,M01,Academic Intervention,OK,Normal
S057,19,B.Sc,4,5.24,74,70,4,6,6,7,7,2,8,98,52.57,60.0,66.4,56.0,58.05,1,Stable,wellness,M04,Regular Mentoring,OK,Normal
S058,22,B.Tech,8,5.67,67,65,5,8,5,3,10,6,2,56,48.2,60.5,28.8,36.0,44.34,1,At-Risk,academic,M01,Academic Intervention,⚠️ HIGH RISK ALERT,High
S059,19,MBA,8,8.93,91,76,5,5,8,6,8,10,8,71,63.38,62.0,51.3,88.0,66.77,3,High Performer,career,M03,Career Acceleration,OK,Normal
S060,20,MBA,1,5.63,62,66,1,4,6,7,3,4,8,54,45.89,60.5,65.2,64.0,57.93,2,Stable,wellness,M04,Regular Mentoring,OK,Normal
S061,24,MCA,1,7.9,61,89,3,9,7,5,3,9,8,40,50.67,77.0,53.0,84.0,66.05,2,High Performer,career,M03,Career Acceleration,OK,Normal
S062,25,MCA,6,7.59,69,66,3,7,3,6,2,8,10,68,49.98,54.0,68.4,92.0,65.17,2,High Performer,career,M03,Career Acceleration,OK,Normal
S063,24,B.Sc,8,6.51,76,100,9,9,9,5,6,3,5,58,59.95,70.0,49.4,42.0,55.87,3,Productivity Risk,productivity,M02,Productivity Coaching,OK,Normal
S064,21,MCA,2,6.16,90,64,8,5,5,7,4,3,4,52,59.65,42.5,61.6,36.0,49.84,1,At-Risk,academic,M01,Academic Intervention,⚠️ HIGH RISK ALERT,High
S065,20,B.Sc,7,5.93,93,88,1,9,8,8,10,2,2,54,65.88,86.0,48.2,20.0,55.9,3,Productivity Risk,productivity,M02,Productivity Coaching,OK,Normal
S066,19,B.Tech,8,5.63,85,74,9,4,10,10,9,5,3,44,58.99,56.5,56.2,38.0,52.56,1,At-Risk,academic,M01,Academic Intervention,OK,Normal
S067,24,MBA,3,7.14,86,69,9,7,6,8,5,5,9,79,58.94,51.0,70.7,74.0,63.07,0,Stable,wellness,M04,Regular Mentoring,OK,Normal
S068,21,MCA,6,6.59,72,60,10,9,7,7,7,10,9,78,49.98,59.5,60.4,94.0,65.45,2,High Performer,career,M03,Career Acceleration,OK,Normal
S069,18,B.Tech,8,5.98,81,84,2,7,9,3,7,3,4,69,59.09,80.5,41.7,36.0,55.19,3,Productivity Risk,productivity,M02,Productivity Coaching,OK,Normal
S070,22,MCA,8,9.31,95,74,10,4,10,3,5,4,4,62,65.09,54.0,45.6,40.0,52.15,3,At-Risk,academic,M01,Academic Intervention,OK,Normal
S071,22,B.Sc,7,5.59,63,94,4,6,3,5,7,4,6,70,51.98,48.0,50.0,52.0,50.59,1,At-Risk,academic,M01,Academic Intervention,OK,Normal
S072,25,MCA,8,7.91,88,85,4,9,5,8,7,10,3,83,63.37,66.5,65.9,58.0,63.32,0,Stable,wellness,M04,Regular Mentoring,OK,Normal
S073,23,B.Sc,3,5.6,86,93,3,6,3,8,3,10,9,96,63.28,50.5,81.8,94.0,71.47,0,High Performer,career,M03,Career Acceleration,OK,Normal
S074,24,MBA,6,6.48,96,97,2,8,7,9,6,6,9,70,69.34,76.0,69.0,78.0,73.1,0,High Performer,career,M03,Career Acceleration,OK,Normal
S075,20,MBA,7,8.58,67,87,7,7,9,4,2,10,3,90,53.47,68.0,67.0,58.0,60.94,2,Stable,wellness,M04,Regular Mentoring,OK,Normal
S076,25,MCA,2,5.8,87,87,10,9,9,3,7,1,10,41,62.64,67.5,33.3,64.0,58.33,3,Productivity Risk,productivity,M02,Productivity Coaching,OK,Normal
S077,22,MCA,4,9.26,68,100,6,6,3,3,2,1,8,73,56.78,43.0,57.9,52.0,52.36,1,At-Risk,academic,M01,Academic Intervention,OK,Normal
S078,24,MBA,8,7.15,78,92,7,4,8,7,10,4,2,84,59.55,53.5,53.2,28.0,48.88,1,At-Risk,academic,M01,Academic Intervention,⚠️ HIGH RISK ALERT,High
S079,20,B.Sc,3,6.17,60,81,7,6,8,5,6,10,9,47,48.05,60.5,46.1,94.0,62.26,2,Productivity Risk,productivity,M02,Productivity Coaching,OK,Normal
S080,21,B.Tech,8,5.98,70,64,8,5,4,9,8,5,9,76,49.59,38.5,64.8,74.0,55.96,1,Stable,wellness,M04,Regular Mentoring,OK,Normal
S081,18,B.Tech,4,7.36,87,80,6,4,9,3,10,8,6,80,61.71,60.0,36.0,68.0,57.71,3,Productivity Risk,productivity,M02,Productivity Coaching,OK,Normal
S082,24,MCA,7,8.49,82,85,9,8,6,8,2,1,9,80,60.55,54.5,80.0,58.0,62.29,0,Stable,wellness,M04,Regular Mentoring,OK,Normal
S083,23,B.Tech,6,6.08,94,72,7,9,6,4,10,5,2,64,63.22,63.0,35.2,32.0,49.76,3,At-Risk,academic,M01,Academic Intervention,⚠️ HIGH RISK ALERT,High
S084,24,B.Tech,7,6.24,68,89,7,8,6,7,3,3,7,81,53.67,59.5,73.3,54.0,59.14,1,Stable,wellness,M04,Regular Mentoring,OK,Normal
S085,20,B.Tech,4,7.35,94,62,2,7,10,3,3,9,6,57,61.6,84.5,50.1,72.0,67.62,3,High Performer,career,M03,Career Acceleration,OK,Normal
S086,23,MBA,5,7.62,68,99,4,5,8,7,7,6,2,45,56.09,64.5,50.5,36.0,52.05,1,At-Risk,academic,M01,Academic Intervention,OK,Normal
S087,25,MCA,1,8.44,79,95,10,5,3,9,9,9,6,64,61.03,29.5,58.2,72.0,55.32,0,Stable,wellness,M04,Regular Mentoring,OK,Normal
S088,18,B.Sc,8,7.8,71,80,5,5,5,7,6,9,5,96,53.84,50.0,68.8,66.0,58.91,1,Stable,wellness,M04,Regular Mentoring,OK,Normal
S089,18,MCA,7,9.05,91,100,3,8,9,4,4,10,7,69,68.22,81.5,54.7,82.0,72.28,3,High Performer,career,M03,Career Acceleration,OK,Normal
S090,21,MBA,5,9.07,77,71,10,7,7,7,6,4,6,85,55.42,52.5,65.5,52.0,55.85,1,Stable,wellness,M04,Regular Mentoring,OK,Normal
S091,23,MCA,4,5.56,72,89,3,6,4,9,9,1,4,47,55.47,54.5,53.1,28.0,47.89,1,At-Risk,academic,M01,Academic Intervention,⚠️ HIGH RISK ALERT,High
S092,24,B.Tech,8,7.18,60,72,7,4,9,4,6,10,5,47,46.55,57.5,42.1,70.0,54.26,1,At-Risk,academic,M01,Academic Intervention,OK,Normal
S093,19,B.Sc,4,6.81,64,76,4,7,4,7,2,10,3,79,49.24,55.5,75.7,58.0,58.29,1,Stable,wellness,M04,Regular Mentoring,OK,Normal
S094,24,MCA,5,6.5,92,92,8,9,4,7,1,4,3,98,66.35,52.5,84.4,34.0,58.41,0,Stable,wellness,M04,Regular Mentoring,OK,Normal
S095,22,B.Tech,5,6.03,72,86,8,8,8,10,1,10,3,46,55.01,65.0,80.8,58.0,63.41,2,Stable,wellness,M04,Regular Mentoring,OK,Normal
S096,24,MCA,3,8.43,77,95,2,4,10,5,3,7,7,75,60.03,74.0,63.5,70.0,66.71,2,High Performer,career,M03,Career Acceleration,OK,Normal
S097,18,B.Sc,8,9.08,94,95,7,7,7,7,8,6,10,74,68.72,60.0,56.2,84.0,67.86,0,High Performer,career,M03,Career Acceleration,OK,Normal
S098,18,MCA,7,6.04,66,73,9,8,9,6,6,2,2,49,49.41,66.5,50.7,20.0,46.59,1,At-Risk,academic,M01,Academic Intervention,⚠️ HIGH RISK ALERT,High
S099,20,B.Tech,8,5.37,74,98,5,7,6,4,1,4,4,47,58.21,61.0,57.1,40.0,54.13,1,At-Risk,academic,M01,Academic Intervention,OK,Normal
S100,20,MBA,6,7.63,78,62,2,8,4,9,6,8,5,40,53.69,64.0,60.0,62.0,59.61,2,Stable,wellness,M04,Regular Mentoring,OK,Normal
S101,18,MBA,6,6.28,61,89,9,6,9,7,7,7,8,63,50.18,59.5,55.9,76.0,60.11,2,Stable,wellness,M04,Regular Mentoring,OK,Normal
S102,24,MCA,3,7.98,77,70,7,7,10,6,5,1,9,54,54.89,72.0,55.2,58.0,60.01,2,Stable,wellness,M04,Regular Mentoring,OK,Normal
S103,20,B.Tech,7,6.48,61,95,6,9,9,5,4,4,5,68,51.44,77.5,58.4,46.0,57.99,2,Stable,wellness,M04,Regular Mentoring,OK,Normal
S104,18,B.Tech,6,8.03,82,61,2,9,5,9,1,9,7,68,55.61,71.5,83.4,78.0,70.74,2,High Performer,career,M03,Career Acceleration,OK,Normal
S105,25,B.Tech,7,7.48,72,96,3,8,6,5,2,4,7,40,57.44,69.5,56.0,58.0,60.31,3,Stable,wellness,M04,Regular Mentoring,OK,Normal
S106,18,MCA,3,7.64,87,64,1,4,10,6,1,6,7,61,58.59,76.5,69.3,66.0,67.06,2,High Performer,career,M03,Career Acceleration,OK,Normal
S107,19,MCA,8,9.18,68,77,9,5,5,5,3,10,4,65,52.15,40.0,60.5,64.0,53.75,1,At-Risk,academic,M01,Academic Intervention,OK,Normal
S108,23,B.Sc,3,8.52,65,74,7,7,4,7,2,8,6,52,49.86,48.0,67.6,68.0,57.48,1,Stable,wellness,M04,Regular Mentoring,OK,Normal
S109,20,B.Sc,4,5.49,77,92,2,8,10,5,9,3,6,42,58.55,88.0,35.6,48.0,58.69,3,Productivity Risk,productivity,M02,Productivity Coaching,OK,Normal
S110,25,B.Sc,5,6.69,85,78,10,7,9,4,8,2,10,93,60.11,60.5,49.9,68.0,60.14,3,Productivity Risk,productivity,M02,Productivity Coaching,OK,Normal
S111,24,MCA,6,6.02,89,95,8,6,8,6,6,3,9,79,65.31,58.0,59.7,66.0,62.53,0,Stable,wellness,M04,Regular Mentoring,OK,Normal
S112,18,MBA,3,6.56,78,84,2,4,9,6,4,4,6,79,57.77,70.0,65.7,52.0,60.97,2,Stable,wellness,M04,Regular Mentoring,OK,Normal
S113,18,MCA,7,5.97,65,99,3,6,6,3,3,7,8,44,54.09,62.5,46.2,76.0,60.09,3,Productivity Risk,productivity,M02,Productivity Coaching,OK,Normal
S114,19,B.Tech,4,6.27,67,79,3,7,6,5,1,10,9,49,51.18,66.0,61.7,94.0,67.69,2,High Performer,career,M03,Career Acceleration,OK,Normal
S115,25,MBA,6,8.19,97,69,6,6,6,6,4,9,4,97,64.76,55.0,71.1,60.0,62.4,0,Stable,wellness,M04,Regular Mentoring,OK,Normal
S116,25,B.Tech,4,6.34,83,75,9,6,3,5,2,2,9,75,58.4,35.5,66.5,62.0,55.2,0,Stable,wellness,M04,Regular Mentoring,OK,Normal
S117,21,B.Tech,1,8.01,66,100,1,9,7,6,9,3,8,49,55.4,82.0,41.7,60.0,60.46,3,Productivity Risk,productivity,M02,Productivity Coaching,OK,Normal
S118,23,B.Sc,6,6.9,75,83,10,9,4,3,4,9,6,62,56.17,47.5,48.6,72.0,56.45,3,Productivity Risk,productivity,M02,Productivity Coaching,OK,Normal
S119,21,MCA,1,9.3,90,83,7,8,5,6,4,6,10,52,64.39,55.5,57.6,84.0,65.71,0,High Performer,career,M03,Career Acceleration,OK,Normal
S120,21,B.Sc,1,7.08,67,61,5,8,7,6,6,3,5,90,47.82,68.5,63.0,42.0,54.57,1,At-Risk,academic,M01,Academic Intervention,OK,Normal
S121,20,B.Tech,1,7.9,76,64,7,9,5,5,10,5,9,53,53.17,59.0,35.9,74.0,56.38,3,Productivity Risk,productivity,M02,Productivity Coaching,OK,Normal
S122,20,MBA,8,7.96,96,82,8,5,9,7,5,9,6,55,66.79,58.5,59.5,72.0,64.56,0,High Performer,career,M03,Career Acceleration,OK,Normal
S123,25,B.Sc,4,8.45,63,73,6,8,7,8,2,3,3,75,48.63,66.0,78.5,30.0,54.29,1,At-Risk,academic,M01,Academic Intervention,OK,Normal
S124,25,MCA,5,6.94,62,62,10,6,6,9,10,3,2,51,45.48,45.0,51.3,24.0,41.15,1,At-Risk,academic,M01,Academic Intervention,⚠️ HIGH RISK ALERT,High
S125,23,MCA,1,8.94,86,69,3,4,4,3,3,4,7,69,59.48,47.5,53.7,58.0,54.96,0,At-Risk,academic,M01,Academic Intervention,OK,Normal
S126,24,B.Tech,6,5.11,62,77,10,7,5,7,1,5,7,69,47.93,44.5,75.7,62.0,56.14,1,Stable,wellness,M04,Regular Mentoring,OK,Normal
S127,19,B.Tech,7,7.04,97,76,4,8,5,4,9,3,7,56,65.81,63.0,35.8,54.0,56.15,3,Productivity Risk,productivity,M02,Productivity Coaching,OK,Normal
S128,21,MCA,7,5.57,83,70,6,8,9,6,8,4,7,59,57.17,74.0,47.7,58.0,59.69,3,Productivity Risk,productivity,M02,Productivity Coaching,OK,Normal
S129,19,B.Tech,7,7.91,71,65,10,6,3,5,4,3,2,48,50.87,33.0,52.4,24.0,39.99,1,At-Risk,academic,M01,Academic Intervention,⚠️ HIGH RISK ALERT,High
S130,19,MBA,2,6.45,99,67,2,4,8,10,8,7,9,92,64.84,66.0,73.6,82.0,71.17,0,High Performer,career,M03,Career Acceleration,OK,Normal
S131,23,MCA,7,5.68,60,85,3,9,10,5,1,4,4,43,48.7,89.0,59.9,40.0,58.84,2,Stable,wellness,M04,Regular Mentoring,OK,Normal
S132,23,B.Tech,1,7.5,97,70,8,4,9,5,2,7,2,93,64.75,55.0,71.9,40.0,57.55,0,Stable,wellness,M04,Regular Mentoring,OK,Normal
S133,22,MCA,6,5.79,69,77,1,8,10,9,4,2,4,52,51.64,90.5,69.6,32.0,60.04,2,Stable,wellness,M04,Regular Mentoring,OK,Normal
S134,18,B.Tech,7,8.83,81,62,5,9,5,7,10,8,10,47,55.55,64.0,42.1,92.0,64.09,3,Productivity Risk,productivity,M02,Productivity Coaching,OK,Normal
S135,20,B.Sc,2,8.14,66,71,8,6,5,7,8,8,5,87,49.64,46.0,60.1,62.0,53.91,1,At-Risk,academic,M01,Academic Intervention,OK,Normal
S136,22,MBA,4,5.29,84,82,10,4,7,10,7,3,8,90,59.99,42.0,76.0,60.0,58.7,0,Stable,wellness,M04,Regular Mentoring,OK,Normal
S137,21,B.Tech,5,6.11,84,77,9,4,10,8,1,9,10,95,59.23,56.5,87.5,96.0,73.39,2,High Performer,career,M03,Career Acceleration,OK,Normal
S138,21,MBA,5,9.19,88,82,2,4,5,6,2,3,2,74,63.16,54.0,70.2,24.0,52.49,0,At-Risk,academic,M01,Academic Intervention,OK,Normal
S139,18,B.Sc,5,7.41,71,100,3,5,7,7,6,7,8,61,57.72,63.0,58.3,76.0,63.73,2,Stable,wellness,M04,Regular Mentoring,OK,Normal
S140,23,MCA,7,5.09,92,84,8,5,8,5,4,8,4,42,64.33,54.5,50.6,56.0,57.04,3,Stable,wellness,M04,Regular Mentoring,OK,Normal
S141,19,B.Tech,1,5.35,88,62,10,7,5,7,9,9,8,46,58.0,44.5,44.8,84.0,58.48,3,Productivity Risk,productivity,M02,Productivity Coaching,OK,Normal
S142,18,MCA,1,9.26,96,90,2,6,7,5,2,2,2,55,68.78,69.0,60.5,20.0,54.98,0,At-Risk,academic,M01,Academic Intervention,OK,Normal
S143,20,MBA,7,9.14,88,76,3,6,7,4,3,8,6,91,61.94,66.5,64.3,68.0,65.07,0,High Performer,career,M03,Career Acceleration,OK,Normal
S144,21,B.Tech,3,8.65,65,89,8,5,9,9,2,8,2,43,52.89,58.5,72.9,44.0,56.07,1,Stable,wellness,M04,Regular Mentoring,OK,Normal
S145,19,MCA,3,8.25,90,97,9,9,3,9,4,8,6,66,66.88,46.0,73.8,68.0,63.32,0,Stable,wellness,M04,Regular Mentoring,OK,Normal
S146,23,B.Sc,3,9.03,100,100,2,9,4,7,3,9,9,90,72.71,67.5,76.0,90.0,76.39,0,High Performer,career,M03,Career Acceleration,OK,Normal
S147,19,B.Sc,3,6.67,98,82,4,6,8,7,2,2,8,81,67.4,68.0,76.3,56.0,66.48,0,High Performer,career,M03,Career Acceleration,OK,Normal
S148,24,MCA,6,5.59,73,80,3,4,7,9,5,5,6,85,54.18,59.5,76.5,56.0,60.43,2,Stable,wellness,M04,Regular Mentoring,OK,Normal
S149,25,MCA,1,6.35,68,78,5,5,9,7,10,10,10,66,51.51,66.0,47.8,100.0,66.51,2,Productivity Risk,productivity,M02,Productivity Coaching,OK,Normal
S150,22,MBA,2,6.77,98,71,7,6,10,10,10,9,5,95,65.23,68.5,68.5,66.0,66.89,0,High Performer,career,M03,Career Acceleration,OK,Normal
S151,18,B.Tech,4,9.07,74,86,7,9,5,4,5,9,8,85,56.92,59.0,56.5,84.0,64.13,2,High Performer,career,M03,Career Acceleration,OK,Normal
S152,23,MBA,2,9.44,63,76,1,8,10,7,4,10,5,79,49.53,90.5,69.7,70.0,68.92,2,High Performer,career,M03,Career Acceleration,OK,Normal
S153,25,B.Tech,8,7.44,68,65,10,9,8,8,10,8,3,98,49.23,63.5,61.4,50.0,55.42,1,Stable,wellness,M04,Regular Mentoring,OK,Normal
S154,21,MBA,5,8.78,88,90,6,8,5,3,9,6,10,88,64.63,58.0,41.4,84.0,63.17,3,Productivity Risk,productivity,M02,Productivity Coaching,OK,Normal
S155,20,B.Sc,1,5.74,95,62,5,5,3,9,2,3,8,68,61.62,42.0,80.4,60.0,60.07,0,Stable,wellness,M04,Regular Mentoring,OK,Normal
S156,21,MCA,3,8.63,98,67,9,7,9,5,6,10,6,90,64.99,63.0,59.0,76.0,66.05,0,High Performer,career,M03,Career Acceleration,OK,Normal
S157,23,B.Sc,6,5.75,75,61,4,4,8,6,9,9,7,86,51.43,61.0,52.8,78.0,60.74,2,Stable,wellness,M04,Regular Mentoring,OK,Normal
S158,18,MBA,2,6.06,81,90,5,6,4,5,4,10,10,71,60.32,49.5,59.3,100.0,67.33,0,High Performer,career,M03,Career Acceleration,OK,Normal
S159,25,MCA,6,8.29,84,96,7,7,4,5,8,3,7,41,63.69,48.0,38.3,54.0,52.27,3,At-Risk,academic,M01,Academic Intervention,OK,Normal
S160,23,MCA,4,7.02,97,89,6,9,6,3,1,4,10,40,68.41,65.5,51.0,76.0,66.1,3,High Performer,career,M03,Career Acceleration,OK,Normal
S161,20,B.Tech,5,6.88,97,73,6,4,6,6,2,3,7,75,65.16,48.0,70.5,54.0,59.15,0,Stable,wellness,M04,Regular Mentoring,OK,Normal
S162,22,MBA,5,8.66,81,100,7,6,8,4,5,6,8,69,63.1,60.5,51.7,72.0,62.4,3,Stable,wellness,M04,Regular Mentoring,OK,Normal
S163,23,B.Sc,7,6.03,68,73,4,6,8,4,6,3,6,62,50.41,68.0,46.6,48.0,53.44,1,At-Risk,academic,M01,Academic Intervention,OK,Normal
S164,25,B.Sc,4,5.47,71,84,2,6,9,9,2,8,5,58,53.94,77.0,77.4,62.0,66.41,2,High Performer,career,M03,Career Acceleration,OK,Normal
S165,19,MCA,6,8.28,80,67,5,7,10,5,5,8,2,70,55.88,77.0,56.0,44.0,58.21,2,Stable,wellness,M04,Regular Mentoring,OK,Normal
S166,19,B.Sc,6,5.73,94,84,10,6,4,7,4,6,9,84,65.52,37.0,71.2,78.0,62.65,0,Stable,wellness,M04,Regular Mentoring,OK,Normal
S167,18,B.Tech,7,8.06,79,70,4,6,4,8,4,3,8,42,55.92,52.0,62.6,60.0,57.3,1,Stable,wellness,M04,Regular Mentoring,OK,Normal
S168,22,B.Tech,7,7.72,68,66,7,9,6,9,1,7,8,81,49.52,63.0,87.3,76.0,67.07,2,High Performer,career,M03,Career Acceleration,OK,Normal
S169,20,B.Tech,7,5.37,98,78,5,6,5,7,6,8,5,71,66.21,53.5,61.3,62.0,61.0,0,Stable,wellness,M04,Regular Mentoring,OK,Normal
S170,18,B.Tech,8,5.16,80,83,7,9,8,6,6,8,7,58,58.15,71.0,53.4,74.0,64.38,3,High Performer,career,M03,Career Acceleration,OK,Normal
S171,20,B.Tech,2,8.38,67,64,10,6,5,4,2,9,6,74,48.81,41.0,62.2,72.0,55.33,1,Stable,wellness,M04,Regular Mentoring,OK,Normal
S172,23,MCA,3,5.36,66,96,5,9,5,5,6,8,4,100,53.81,64.0,62.0,56.0,58.54,2,Stable,wellness,M04,Regular Mentoring,OK,Normal
S173,20,B.Tech,7,5.41,88,69,2,6,8,10,4,6,9,51,59.42,73.0,73.3,78.0,70.24,2,High Performer,career,M03,Career Acceleration,OK,Normal
S174,22,MBA,7,5.22,66,72,2,4,7,9,10,9,2,94,48.97,62.0,64.2,48.0,55.03,1,Stable,wellness,M04,Regular Mentoring,OK,Normal
S175,24,MCA,5,7.43,82,94,4,4,6,4,2,6,3,83,62.03,53.0,64.9,42.0,55.34,0,Stable,wellness,M04,Regular Mentoring,OK,Normal
S176,18,B.Tech,3,8.0,67,93,8,4,8,8,9,5,8,68,54.5,51.0,55.4,68.0,57.18,1,Stable,wellness,M04,Regular Mentoring,OK,Normal
S177,22,MCA,7,9.0,74,97,7,4,7,6,7,6,6,93,59.1,49.5,60.9,60.0,57.28,0,Stable,wellness,M04,Regular Mentoring,OK,Normal
S178,18,B.Sc,8,8.4,92,82,10,9,5,7,4,8,9,75,64.92,51.5,68.5,86.0,67.55,0,High Performer,career,M03,Career Acceleration,OK,Normal
S179,19,MCA,1,6.36,65,99,5,6,9,9,3,6,7,100,54.21,69.5,87.0,66.0,67.54,2,High Performer,career,M03,Career Acceleration,OK,Normal
S180,25,MBA,6,5.5,89,62,8,8,10,8,4,9,7,90,58.55,73.0,77.0,78.0,70.72,2,High Performer,career,M03,Career Acceleration,OK,Normal
S181,23,MCA,6,6.23,97,79,1,4,9,4,9,8,5,55,66.17,72.5,35.5,62.0,60.58,3,Productivity Risk,productivity,M02,Productivity Coaching,OK,Normal
S182,19,MBA,2,9.18,61,61,2,9,6,10,7,10,3,60,45.45,75.5,67.0,58.0,60.41,2,Stable,wellness,M04,Regular Mentoring,OK,Normal
S183,21,MBA,3,6.66,71,99,10,6,6,8,3,8,8,48,57.3,45.0,67.4,80.0,61.92,0,Stable,wellness,M04,Regular Mentoring,OK,Normal
S184,23,B.Sc,3,7.13,97,74,1,5,8,4,3,3,9,46,65.44,72.0,50.8,66.0,64.29,3,High Performer,career,M03,Career Acceleration,OK,Normal
S185,24,MBA,6,6.77,80,91,10,5,5,4,5,3,2,75,60.23,37.5,53.5,24.0,44.14,1,At-Risk,academic,M01,Academic Intervention,⚠️ HIGH RISK ALERT,High
S186,22,MBA,3,5.61,98,78,6,4,3,3,4,1,6,99,66.28,36.0,59.7,40.0,50.82,0,At-Risk,academic,M01,Academic Intervention,OK,Normal
S187,18,MBA,6,6.18,98,87,9,8,7,9,6,9,3,41,68.25,58.5,60.3,54.0,60.66,0,Stable,wellness,M04,Regular Mentoring,OK,Normal
S188,20,MCA,7,6.66,80,72,10,8,6,10,5,4,8,48,56.4,52.0,69.4,64.0,59.8,0,Stable,wellness,M04,Regular Mentoring,OK,Normal
S189,20,MBA,8,5.86,99,100,6,4,10,9,5,7,3,59,71.26,64.0,68.7,46.0,62.62,0,Stable,wellness,M04,Regular Mentoring,OK,Normal
S190,19,MCA,7,5.41,84,62,10,4,4,8,9,10,4,40,56.02,30.0,47.0,64.0,49.71,1,At-Risk,academic,M01,Academic Intervention,⚠️ HIGH RISK ALERT,High
S191,20,MBA,6,7.55,88,94,3,6,5,4,4,9,7,44,65.06,58.5,47.2,78.0,63.08,3,Productivity Risk,productivity,M02,Productivity Coaching,OK,Normal
S192,18,MCA,5,6.76,90,99,7,9,5,7,10,3,8,52,66.83,59.0,43.6,60.0,58.52,3,Productivity Risk,productivity,M02,Productivity Coaching,OK,Normal
S193,20,MBA,5,5.43,90,91,3,9,4,9,10,8,10,95,64.83,65.0,64.5,92.0,71.6,0,High Performer,career,M03,Career Acceleration,OK,Normal
S194,20,MBA,1,8.76,100,66,6,8,7,6,2,10,8,98,65.83,66.0,77.4,88.0,73.73,0,High Performer,career,M03,Career Acceleration,OK,Normal
S195,24,MBA,4,5.54,87,94,6,6,7,9,4,5,3,76,63.96,59.0,76.8,38.0,58.8,0,Stable,wellness,M04,Regular Mentoring,OK,Normal
S196,18,MBA,5,8.74,66,97,6,5,6,4,4,5,2,44,55.02,51.5,47.2,32.0,46.82,1,At-Risk,academic,M01,Academic Intervention,⚠️ HIGH RISK ALERT,High
S197,21,B.Tech,1,6.54,70,89,5,6,4,7,1,10,9,78,54.76,49.5,78.4,94.0,67.98,2,High Performer,career,M03,Career Acceleration,OK,Normal
S198,24,B.Sc,6,6.62,80,64,9,5,5,8,10,8,4,67,54.79,40.0,52.1,56.0,50.86,1,At-Risk,academic,M01,Academic Intervention,OK,Normal
S199,18,MBA,4,5.34,90,87,8,7,3,6,5,4,10,58,64.0,41.5,56.4,76.0,59.86,0,Stable,wellness,M04,Regular Mentoring,OK,Normal
S200,21,MBA,4,5.53,99,84,9,4,5,3,7,5,8,76,67.96,36.5,43.8,68.0,55.27,0,Productivity Risk,productivity,M02,Productivity Coaching,OK,Normal
S201,24,MCA,5,8.98,68,65,3,6,7,8,9,8,4,58,49.69,66.5,52.4,56.0,56.01,1,Stable,wellness,M04,Regular Mentoring,OK,Normal
S202,25,B.Sc,1,7.7,94,63,7,5,9,9,5,7,7,94,61.91,61.0,79.2,70.0,67.16,0,High Performer,career,M03,Career Acceleration,OK,Normal
S203,20,B.Sc,3,6.06,75,60,1,4,4,5,4,6,5,94,51.32,52.5,66.2,54.0,55.26,1,Stable,wellness,M04,Regular Mentoring,OK,Normal
S204,24,MBA,1,8.67,95,85,1,8,10,3,9,8,5,65,67.1,90.5,34.5,62.0,65.16,3,Productivity Risk,productivity,M02,Productivity Coaching,OK,Normal
S205,25,MCA,1,5.01,83,94,8,9,10,6,2,9,9,86,61.8,76.5,73.8,90.0,74.92,2,High Performer,career,M03,Career Acceleration,OK,Normal
S206,23,MCA,5,8.78,95,66,8,8,4,10,8,5,4,91,63.33,49.0,73.3,44.0,56.91,0,Stable,wellness,M04,Regular Mentoring,OK,Normal
S207,21,MBA,1,5.66,84,81,3,7,8,5,1,2,9,51,59.9,74.0,62.3,62.0,64.43,2,High Performer,career,M03,Career Acceleration,OK,Normal
S208,22,MBA,5,6.44,94,63,2,6,3,6,8,6,6,49,61.53,53.0,44.7,60.0,55.65,3,Productivity Risk,productivity,M02,Productivity Coaching,OK,Normal
S209,23,B.Tech,6,5.79,92,74,5,8,8,9,2,3,6,88,62.54,72.5,86.4,48.0,66.17,0,High Performer,career,M03,Career Acceleration,OK,Normal
S210,19,B.Tech,7,9.25,73,62,10,9,10,9,3,7,7,50,51.67,71.5,72.0,70.0,65.28,2,High Performer,career,M03,Career Acceleration,OK,Normal
S211,20,B.Tech,2,5.24,71,81,2,9,9,3,6,8,7,43,53.27,87.5,36.9,74.0,63.74,3,Productivity Risk,productivity,M02,Productivity Coaching,OK,Normal
S212,23,B.Sc,3,7.18,79,63,2,6,10,10,5,9,6,62,54.25,81.0,73.6,72.0,69.25,2,High Performer,career,M03,Career Acceleration,OK,Normal
S213,20,B.Tech,8,9.4,66,99,4,4,3,7,4,6,10,40,55.62,41.0,58.0,84.0,59.54,0,Stable,wellness,M04,Regular Mentoring,OK,Normal
S214,20,MBA,6,9.31,83,93,10,7,6,6,4,1,3,57,62.89,48.5,59.1,22.0,48.31,1,At-Risk,academic,M01,Academic Intervention,⚠️ HIGH RISK ALERT,High
S215,20,B.Tech,4,7.13,67,88,7,8,6,5,10,4,6,87,53.24,59.5,46.1,52.0,53.07,1,At-Risk,academic,M01,Academic Intervention,OK,Normal
S216,25,B.Tech,7,5.32,68,71,3,4,4,8,1,1,7,86,49.8,47.5,84.8,46.0,55.27,1,Stable,wellness,M04,Regular Mentoring,OK,Normal
S217,21,MCA,5,5.11,99,75,7,5,4,3,2,1,8,69,66.03,41.0,56.7,52.0,54.4,0,At-Risk,academic,M01,Academic Intervention,OK,Normal
S218,25,MCA,5,5.81,78,81,9,6,8,9,6,5,3,84,56.94,55.5,73.2,38.0,55.1,1,Stable,wellness,M04,Regular Mentoring,OK,Normal
S219,22,B.Tech,7,5.52,94,87,9,6,5,6,4,10,4,74,66.06,43.5,64.2,64.0,59.53,0,Stable,wellness,M04,Regular Mentoring,OK,Normal
S220,23,B.Tech,2,6.08,87,97,7,4,5,7,6,4,8,83,64.72,41.5,64.9,64.0,58.77,0,Stable,wellness,M04,Regular Mentoring,OK,Normal
S221,21,MBA,8,6.05,96,78,1,6,10,8,6,4,6,64,65.41,83.5,63.2,52.0,66.14,3,High Performer,career,M03,Career Acceleration,OK,Normal
S222,21,B.Sc,5,5.27,86,65,2,5,7,10,3,9,8,76,57.58,65.5,83.8,84.0,71.41,2,High Performer,career,M03,Career Acceleration,OK,Normal
S223,19,MCA,4,6.98,61,90,5,5,6,7,8,6,7,45,50.59,54.0,47.5,66.0,54.68,1,At-Risk,academic,M01,Academic Intervention,OK,Normal
S224,21,B.Sc,3,5.44,80,80,8,9,4,4,10,8,8,44,57.63,52.5,29.2,80.0,56.25,3,Productivity Risk,productivity,M02,Productivity Coaching,OK,Normal
S225,18,B.Tech,8,6.35,73,80,3,6,6,8,2,2,2,70,54.41,62.5,77.0,20.0,52.35,1,At-Risk,academic,M01,Academic Intervention,OK,Normal
S226,23,MCA,6,9.4,97,81,5,7,5,3,8,7,2,87,67.52,57.0,44.1,40.0,53.33,3,At-Risk,academic,M01,Academic Intervention,OK,Normal
S227,19,B.Sc,3,8.39,69,81,7,6,5,9,5,6,4,60,53.22,48.5,69.0,48.0,53.89,1,At-Risk,academic,M01,Academic Intervention,OK,Normal
S228,23,B.Sc,3,7.87,88,70,4,6,7,5,3,6,8,79,60.36,64.0,64.7,72.0,65.05,0,High Performer,career,M03,Career Acceleration,OK,Normal
S229,24,MCA,1,9.46,69,80,2,8,6,3,6,4,7,93,53.34,72.0,51.9,58.0,58.88,2,Stable,wellness,M04,Regular Mentoring,OK,Normal
S230,18,MCA,4,8.64,90,69,8,6,4,10,4,5,2,57,61.39,42.0,75.1,32.0,51.94,0,At-Risk,academic,M01,Academic Intervention,OK,Normal
S231,25,MCA,7,9.29,86,60,5,7,10,6,8,6,8,97,57.79,77.0,59.1,72.0,66.41,2,High Performer,career,M03,Career Acceleration,OK,Normal
S232,25,B.Tech,7,5.61,61,77,2,4,9,9,7,6,2,77,47.58,70.0,68.1,36.0,54.39,1,At-Risk,academic,M01,Academic Intervention,OK,Normal
S233,21,MCA,8,5.15,67,84,8,8,6,4,9,2,4,67,51.84,57.0,39.1,32.0,45.62,1,At-Risk,academic,M01,Academic Intervention,⚠️ HIGH RISK ALERT,High
S234,23,B.Sc,1,7.03,70,69,8,6,7,6,1,2,2,97,50.91,54.0,80.1,20.0,49.79,1,At-Risk,academic,M01,Academic Intervention,⚠️ HIGH RISK ALERT,High
S235,19,B.Tech,4,7.61,65,92,7,4,7,10,8,6,9,76,53.18,49.5,68.8,78.0,61.59,2,Stable,wellness,M04,Regular Mentoring,OK,Normal
S236,21,MCA,4,8.25,60,98,1,4,8,7,2,6,10,62,52.08,68.5,70.6,84.0,67.87,2,High Performer,career,M03,Career Acceleration,OK,Normal
S237,18,B.Tech,2,5.13,85,91,7,6,3,7,5,2,3,84,62.24,40.5,68.2,26.0,48.94,1,At-Risk,academic,M01,Academic Intervention,⚠️ HIGH RISK ALERT,High
S238,24,MBA,4,5.39,66,95,10,4,6,9,1,4,6,100,53.62,38.0,93.0,52.0,57.19,1,Stable,wellness,M04,Regular Mentoring,OK,Normal
S239,19,MBA,3,9.01,87,100,3,8,8,10,2,7,9,73,66.2,77.5,85.9,82.0,76.92,2,High Performer,career,M03,Career Acceleration,OK,Normal
S240,18,B.Sc,7,7.68,91,100,8,7,3,4,8,9,4,89,67.8,41.5,48.7,60.0,55.45,0,Productivity Risk,productivity,M02,Productivity Coaching,OK,Normal
S241,22,MBA,1,5.82,70,91,1,6,5,3,7,4,5,98,54.95,63.5,50.4,46.0,53.94,1,At-Risk,academic,M01,Academic Intervention,OK,Normal
S242,20,MCA,2,8.28,79,73,9,5,6,6,6,10,5,78,56.58,44.0,59.4,70.0,57.35,0,Stable,wellness,M04,Regular Mentoring,OK,Normal
S243,24,B.Sc,4,8.9,71,87,5,4,5,8,1,9,8,72,55.57,46.5,80.6,84.0,65.42,0,High Performer,career,M03,Career Acceleration,OK,Normal
S244,19,MCA,6,9.03,85,77,3,7,3,5,3,2,9,66,60.61,54.0,60.8,62.0,59.34,0,Stable,wellness,M04,Regular Mentoring,OK,Normal
S245,20,MCA,6,8.45,72,60,10,8,7,4,5,10,7,63,50.53,56.0,49.9,82.0,59.64,2,Productivity Risk,productivity,M02,Productivity Coaching,OK,Normal
S246,25,MBA,4,9.42,65,61,7,8,9,10,5,6,9,90,47.53,71.5,82.0,78.0,68.03,2,High Performer,career,M03,Career Acceleration,OK,Normal
S247,23,B.Tech,1,5.78,81,71,10,4,6,8,10,8,10,61,56.43,38.0,50.3,92.0,59.49,0,Stable,wellness,M04,Regular Mentoring,OK,Normal
S248,20,MCA,3,5.91,100,84,4,7,6,10,9,9,4,69,68.57,63.5,63.7,60.0,64.19,0,High Performer,career,M03,Career Acceleration,OK,Normal
S249,22,B.Sc,7,7.33,66,88,8,8,5,7,5,4,5,83,52.8,53.0,67.9,46.0,54.17,1,At-Risk,academic,M01,Academic Intervention,OK,Normal
S250,19,MCA,7,7.32,90,74,1,7,10,5,9,7,8,93,62.0,87.0,50.9,76.0,69.53,3,High Performer,career,M03,Career Acceleration,OK,Normal
S251,19,MBA,5,8.11,87,98,2,8,5,9,9,2,2,42,65.53,68.0,51.6,20.0,51.98,3,At-Risk,academic,M01,Academic Intervention,OK,Normal
S252,24,B.Sc,3,6.48,95,63,2,6,7,7,3,6,4,66,62.04,69.0,68.8,48.0,61.62,0,Stable,wellness,M04,Regular Mentoring,OK,Normal
S253,22,MCA,1,6.9,96,86,6,9,8,5,9,1,3,56,67.27,73.5,39.8,22.0,52.02,3,At-Risk,academic,M01,Academic Intervention,OK,Normal
S254,23,MCA,2,7.76,92,66,2,9,7,6,6,10,10,86,61.53,79.5,61.8,100.0,75.69,2,High Performer,career,M03,Career Acceleration,OK,Normal
S255,25,MBA,6,6.75,68,84,5,7,8,7,7,5,3,61,52.83,69.0,55.3,38.0,53.66,1,At-Risk,academic,M01,Academic Intervention,OK,Normal
S256,22,B.Tech,8,7.05,64,85,8,9,5,4,1,7,2,67,51.12,56.5,63.1,40.0,52.08,1,At-Risk,academic,M01,Academic Intervention,OK,Normal
S257,18,B.Sc,8,6.17,72,82,8,5,7,4,3,9,8,55,54.25,50.5,53.5,84.0,60.6,2,Stable,wellness,M04,Regular Mentoring,OK,Normal
S258,25,B.Tech,1,5.01,77,68,5,7,3,8,7,3,7,52,53.6,49.0,56.6,54.0,53.15,1,At-Risk,academic,M01,Academic Intervention,OK,Normal
S259,18,B.Tech,2,6.55,88,64,7,6,7,4,10,1,5,51,58.77,56.5,31.3,34.0,46.52,3,At-Risk,academic,M01,Academic Intervention,⚠️ HIGH RISK ALERT,High
S260,25,B.Tech,4,7.51,95,79,1,5,5,3,9,7,6,56,65.55,60.0,31.8,64.0,57.02,3,Productivity Risk,productivity,M02,Productivity Coaching,OK,Normal
S261,22,MBA,4,9.41,78,73,5,6,4,4,8,9,5,57,56.42,49.5,39.1,66.0,53.62,3,At-Risk,academic,M01,Academic Intervention,OK,Normal
S262,20,MCA,5,6.85,86,98,3,7,8,9,8,6,6,68,64.66,74.0,62.4,60.0,65.38,0,High Performer,career,M03,Career Acceleration,OK,Normal
S263,19,MCA,7,8.99,78,99,1,7,8,4,4,10,10,95,61.5,79.0,62.5,100.0,75.7,2,High Performer,career,M03,Career Acceleration,OK,Normal
S264,22,MCA,7,6.04,74,61,7,7,6,3,9,2,3,94,51.01,56.0,43.2,26.0,44.44,1,At-Risk,academic,M01,Academic Intervention,⚠️ HIGH RISK ALERT,High
S265,25,MBA,3,9.08,77,98,6,8,9,9,9,4,8,100,60.82,74.0,69.0,64.0,66.55,2,High Performer,career,M03,Career Acceleration,OK,Normal
S266,23,B.Sc,8,5.58,61,81,7,9,10,9,9,8,10,64,48.37,79.0,58.2,92.0,68.9,2,High Performer,career,M03,Career Acceleration,OK,Normal
S267,24,B.Tech,2,7.64,77,78,2,8,9,3,9,2,7,97,56.39,84.0,44.1,50.0,59.24,3,Productivity Risk,productivity,M02,Productivity Coaching,OK,Normal
S268,18,MCA,8,9.44,72,92,8,4,4,3,10,6,2,88,57.23,35.0,38.4,36.0,42.6,1,At-Risk,academic,M01,Academic Intervention,⚠️ HIGH RISK ALERT,High
S269,21,MBA,7,5.11,94,73,4,8,10,3,4,8,4,80,63.13,83.0,54.0,56.0,64.49,3,High Performer,career,M03,Career Acceleration,OK,Normal
S270,24,MBA,8,8.13,91,76,3,5,5,8,7,1,6,60,63.14,55.0,59.0,40.0,54.49,0,At-Risk,academic,M01,Academic Intervention,OK,Normal
S271,23,MCA,5,8.02,95,76,8,6,8,6,9,4,2,91,65.11,58.0,54.3,28.0,51.89,0,At-Risk,academic,M01,Academic Intervention,OK,Normal
S272,25,B.Tech,6,7.48,74,71,2,5,6,8,5,7,2,74,53.44,61.5,69.2,40.0,55.25,1,Stable,wellness,M04,Regular Mentoring,OK,Normal
S273,18,MBA,2,8.91,63,67,8,4,9,7,6,1,7,96,47.57,55.0,68.8,46.0,53.28,1,At-Risk,academic,M01,Academic Intervention,OK,Normal
S274,25,MBA,2,9.19,96,97,1,5,6,4,3,9,3,86,70.16,64.0,62.8,54.0,63.11,0,Stable,wellness,M04,Regular Mentoring,OK,Normal
S275,21,B.Tech,5,6.81,92,75,2,6,5,9,10,1,6,99,63.04,61.0,65.7,40.0,57.3,0,Stable,wellness,M04,Regular Mentoring,OK,Normal
S276,21,B.Tech,1,9.08,83,76,10,8,8,3,1,3,6,82,59.42,60.0,63.6,48.0,57.55,0,Stable,wellness,M04,Regular Mentoring,OK,Normal
S277,23,B.Sc,7,8.07,70,81,3,7,3,7,1,2,10,71,53.62,54.0,76.3,68.0,61.85,2,Stable,wellness,M04,Regular Mentoring,OK,Normal
S278,24,B.Tech,6,9.15,73,69,8,9,9,9,4,5,5,55,53.05,72.5,70.5,50.0,60.64,2,Stable,wellness,M04,Regular Mentoring,OK,Normal
S279,20,B.Tech,8,9.47,98,61,1,4,3,4,8,7,10,92,64.04,48.5,49.6,88.0,63.26,0,Productivity Risk,productivity,M02,Productivity Coaching,OK,Normal
S280,20,MBA,1,5.93,70,96,4,9,9,5,5,3,4,65,55.98,82.5,54.5,36.0,57.32,3,Stable,wellness,M04,Regular Mentoring,OK,Normal
S281,18,B.Tech,5,9.17,80,91,6,9,3,5,9,7,9,72,60.95,53.5,44.6,82.0,61.08,3,Productivity Risk,productivity,M02,Productivity Coaching,OK,Normal
S282,19,B.Tech,1,8.02,74,80,6,6,3,7,6,6,4,47,55.41,43.0,54.1,48.0,50.19,1,At-Risk,academic,M01,Academic Intervention,OK,Normal
S283,20,B.Tech,5,5.34,66,86,1,9,8,5,1,5,5,91,51.8,86.0,74.3,50.0,64.4,2,High Performer,career,M03,Career Acceleration,OK,Normal
S284,18,B.Tech,4,8.4,61,93,8,6,4,5,2,9,8,78,51.62,42.0,67.4,84.0,60.47,2,Stable,wellness,M04,Regular Mentoring,OK,Normal
S285,24,B.Sc,8,8.57,63,95,6,4,7,3,5,1,4,87,53.07,52.0,53.1,28.0,46.54,1,At-Risk,academic,M01,Academic Intervention,⚠️ HIGH RISK ALERT,High
S286,24,MCA,1,9.24,100,97,1,4,9,6,8,10,5,51,72.17,72.5,45.3,70.0,66.34,3,Productivity Risk,productivity,M02,Productivity Coaching,OK,Normal
S287,23,B.Tech,3,5.65,70,79,8,9,3,5,7,7,7,67,52.5,48.5,49.1,70.0,55.2,1,Productivity Risk,productivity,M02,Productivity Coaching,OK,Normal
S288,18,B.Sc,3,7.67,82,72,8,6,6,3,10,6,9,83,57.7,50.0,36.9,78.0,56.69,3,Productivity Risk,productivity,M02,Productivity Coaching,OK,Normal
S289,24,MCA,4,6.76,93,81,3,4,3,9,8,5,3,62,64.73,43.5,60.6,38.0,51.91,0,At-Risk,academic,M01,Academic Intervention,OK,Normal
S290,21,MCA,1,7.69,78,77,8,5,5,3,1,3,7,86,56.71,42.5,64.8,54.0,54.1,1,At-Risk,academic,M01,Academic Intervention,OK,Normal
S291,18,MBA,4,8.88,78,61,10,6,8,3,10,8,4,50,53.86,53.0,27.0,56.0,48.81,3,At-Risk,academic,M01,Academic Intervention,⚠️ HIGH RISK ALERT,High
S292,18,B.Sc,4,7.24,69,81,7,9,9,7,2,8,6,89,52.87,75.0,78.7,68.0,67.35,2,High Performer,career,M03,Career Acceleration,OK,Normal
S293,20,MBA,6,8.96,71,91,2,6,9,5,7,6,6,83,56.39,77.0,53.9,60.0,61.95,2,Stable,wellness,M04,Regular Mentoring,OK,Normal
S294,18,B.Sc,4,5.49,61,83,3,8,7,3,8,4,4,48,48.75,73.5,32.4,40.0,49.48,3,At-Risk,academic,M01,Academic Intervention,⚠️ HIGH RISK ALERT,High
S295,21,B.Sc,7,7.51,64,83,3,9,10,4,4,10,5,44,50.85,89.0,47.2,70.0,64.44,2,Productivity Risk,productivity,M02,Productivity Coaching,OK,Normal
S296,20,MCA,6,5.99,62,77,2,8,5,9,2,2,5,51,48.2,68.0,75.3,38.0,56.02,1,Stable,wellness,M04,Regular Mentoring,OK,Normal
S297,22,B.Sc,7,9.31,71,68,8,5,6,7,1,9,4,51,51.89,46.5,70.3,60.0,56.25,1,Stable,wellness,M04,Regular Mentoring,OK,Normal
S298,25,MCA,1,6.07,72,97,8,9,8,5,3,3,6,42,57.22,68.5,53.6,48.0,57.01,3,Stable,wellness,M04,Regular Mentoring,OK,Normal
S299,23,B.Sc,7,8.98,66,63,1,7,9,10,4,1,8,62,48.29,83.0,76.6,52.0,63.56,2,Stable,wellness,M04,Regular Mentoring,OK,Normal
S300,20,MCA,4,7.37,60,75,2,4,5,10,10,1,2,54,47.21,54.0,56.2,16.0,42.9,1,At-Risk,academic,M01,Academic Intervention,⚠️ HIGH RISK ALERT,High
S301,18,MBA,1,5.93,75,86,8,4,8,8,5,4,3,71,56.48,51.0,68.3,34.0,51.85,1,At-Risk,academic,M01,Academic Intervention,OK,Normal
S302,22,MBA,1,6.29,71,86,9,4,5,9,1,7,7,54,54.59,36.5,79.2,70.0,58.84,0,Stable,wellness,M04,Regular Mentoring,OK,Normal
S303,21,B.Sc,1,7.82,84,69,6,7,7,9,6,4,3,100,58.15,62.5,78.0,34.0,57.17,1,Stable,wellness,M04,Regular Mentoring,OK,Normal
S304,18,MBA,6,9.1,90,80,7,4,4,7,8,7,2,78,63.73,37.5,57.4,40.0,49.97,0,At-Risk,academic,M01,Academic Intervention,⚠️ HIGH RISK ALERT,High
S305,21,MCA,5,5.12,76,74,5,8,8,4,1,2,4,78,54.34,72.5,66.4,32.0,55.71,1,Stable,wellness,M04,Regular Mentoring,OK,Normal
S306,21,MCA,5,9.38,93,81,7,4,9,9,9,5,10,90,65.51,57.5,66.0,80.0,67.23,0,High Performer,career,M03,Career Acceleration,OK,Normal
S307,20,B.Sc,5,7.53,80,60,8,4,8,5,9,4,8,88,54.26,51.0,49.4,64.0,54.91,1,At-Risk,academic,M01,Academic Intervention,OK,Normal
S308,18,MCA,3,6.64,73,89,2,5,6,7,3,10,9,47,56.29,61.5,63.1,94.0,68.38,2,High Performer,career,M03,Career Acceleration,OK,Normal
S309,19,B.Tech,8,6.15,60,65,5,9,5,5,6,3,2,71,44.84,64.0,53.3,24.0,46.11,1,At-Risk,academic,M01,Academic Intervention,⚠️ HIGH RISK ALERT,High
S310,19,MBA,6,8.86,71,74,10,5,4,4,3,2,2,47,52.96,33.5,51.1,20.0,39.48,1,At-Risk,academic,M01,Academic Intervention,⚠️ HIGH RISK ALERT,High
S311,24,MCA,3,5.93,96,97,3,8,8,10,7,3,6,91,69.18,77.5,76.3,48.0,67.39,0,High Performer,career,M03,Career Acceleration,OK,Normal
S312,25,B.Sc,8,5.74,99,76,5,4,4,8,5,8,8,60,66.42,42.5,65.0,80.0,63.55,0,Stable,wellness,M04,Regular Mentoring,OK,Normal
S313,19,B.Sc,1,5.15,82,92,6,8,3,7,1,10,10,45,60.95,50.0,68.5,100.0,69.48,0,High Performer,career,M03,Career Acceleration,OK,Normal
S314,22,B.Tech,2,5.53,70,79,3,4,7,4,1,9,5,96,52.46,59.5,71.8,66.0,61.47,2,Stable,wellness,M04,Regular Mentoring,OK,Normal
S315,25,B.Sc,5,8.0,68,92,5,5,9,9,6,5,7,76,54.8,66.0,70.8,62.0,62.6,2,Stable,wellness,M04,Regular Mentoring,OK,Normal
S316,19,MBA,4,6.13,63,61,2,8,10,9,9,6,3,45,45.54,88.0,52.5,42.0,56.66,2,Stable,wellness,M04,Regular Mentoring,OK,Normal
S317,19,MCA,5,6.62,83,62,2,5,8,6,5,6,5,71,55.89,69.5,60.3,54.0,59.7,2,Stable,wellness,M04,Regular Mentoring,OK,Normal
S318,18,B.Tech,1,6.09,72,60,8,9,7,9,10,2,6,90,49.83,64.5,63.0,44.0,54.67,1,At-Risk,academic,M01,Academic Intervention,OK,Normal
S319,24,MBA,6,9.01,82,75,2,4,6,3,2,6,9,52,58.7,58.0,51.6,78.0,61.93,3,Stable,wellness,M04,Regular Mentoring,OK,Normal
S320,19,B.Tech,6,6.28,92,74,10,9,10,10,1,2,8,79,62.68,71.5,90.7,56.0,68.82,0,High Performer,career,M03,Career Acceleration,OK,Normal
S321,23,MBA,3,5.43,64,70,7,4,8,7,2,6,3,66,47.63,53.5,71.8,42.0,52.52,1,At-Risk,academic,M01,Academic Intervention,OK,Normal
S322,18,B.Tech,7,6.79,61,100,2,5,10,9,9,4,10,67,52.54,77.5,59.1,76.0,65.96,2,High Performer,career,M03,Career Acceleration,OK,Normal
S323,22,MBA,4,6.65,90,84,3,7,3,9,10,4,5,85,63.8,54.0,61.5,46.0,56.44,0,Stable,wellness,M04,Regular Mentoring,OK,Normal
S324,24,B.Sc,6,7.09,62,92,10,7,7,8,3,6,5,66,51.53,52.5,72.8,54.0,56.64,1,Stable,wellness,M04,Regular Mentoring,OK,Normal
S325,21,B.Sc,7,7.95,94,93,9,5,7,3,5,9,8,84,67.98,48.0,52.2,84.0,63.83,0,Stable,wellness,M04,Regular Mentoring,OK,Normal
S326,22,B.Sc,3,7.12,93,91,5,6,5,8,10,1,3,43,66.84,53.5,44.9,22.0,47.91,3,At-Risk,academic,M01,Academic Intervention,⚠️ HIGH RISK ALERT,High
S327,20,B.Sc,8,5.42,100,90,8,5,7,9,10,5,4,82,69.63,50.5,60.6,44.0,56.63,0,Stable,wellness,M04,Regular Mentoring,OK,Normal
S328,25,MBA,5,6.09,100,60,7,7,5,10,10,4,3,80,63.83,52.0,64.0,34.0,53.45,0,At-Risk,academic,M01,Academic Intervention,OK,Normal
S329,20,MCA,4,5.57,62,84,7,5,6,8,8,7,2,56,49.47,49.0,54.8,40.0,48.05,1,At-Risk,academic,M01,Academic Intervention,⚠️ HIGH RISK ALERT,High
S330,18,B.Tech,2,9.12,85,89,6,9,7,9,2,5,6,63,63.04,69.5,78.9,56.0,66.07,0,High Performer,career,M03,Career Acceleration,OK,Normal
S331,22,MCA,2,6.63,89,66,7,5,6,10,9,8,6,41,59.69,49.0,55.3,68.0,58.22,0,Stable,wellness,M04,Regular Mentoring,OK,Normal
S332,19,MBA,7,7.28,85,61,9,7,3,5,7,4,9,51,56.88,39.0,44.3,70.0,53.17,3,At-Risk,academic,M01,Academic Intervention,OK,Normal
S333,19,B.Tech,1,6.83,95,98,5,7,4,5,3,3,7,65,69.15,53.0,60.5,54.0,59.6,0,Stable,wellness,M04,Regular Mentoring,OK,Normal
S334,21,B.Sc,7,7.47,75,85,3,8,8,9,6,2,10,77,56.74,77.5,71.1,68.0,67.62,2,High Performer,career,M03,Career Acceleration,OK,Normal
S335,25,MBA,2,8.05,84,99,10,8,4,3,7,5,7,98,64.22,44.0,50.4,62.0,55.85,0,Stable,wellness,M04,Regular Mentoring,OK,Normal
S336,25,B.Tech,5,7.68,89,62,9,8,4,9,8,9,8,58,59.2,46.5,59.4,84.0,62.27,0,Stable,wellness,M04,Regular Mentoring,OK,Normal
S337,21,MBA,4,6.73,72,70,5,9,10,8,3,4,10,40,52.02,84.0,65.0,76.0,68.61,2,High Performer,career,M03,Career Acceleration,OK,Normal
S338,18,MCA,6,6.85,92,79,6,8,10,9,1,2,4,96,63.86,78.0,91.8,32.0,65.02,0,High Performer,career,M03,Career Acceleration,OK,Normal
S339,20,MBA,1,6.28,60,96,5,5,7,3,8,2,7,51,51.08,58.0,33.3,50.0,48.98,3,At-Risk,academic,M01,Academic Intervention,⚠️ HIGH RISK ALERT,High
S340,20,MCA,5,6.46,68,78,10,5,9,9,8,1,7,93,51.54,53.5,69.9,46.0,54.32,1,At-Risk,academic,M01,Academic Intervention,OK,Normal
S341,19,MBA,7,8.14,71,85,10,9,9,7,5,9,3,91,54.94,67.5,70.3,54.0,60.92,2,Stable,wellness,M04,Regular Mentoring,OK,Normal
S342,20,B.Tech,4,8.17,99,76,5,6,6,3,4,7,10,99,67.15,57.5,59.7,88.0,68.46,0,High Performer,career,M03,Career Acceleration,OK,Normal
S343,21,B.Sc,1,6.74,88,77,3,5,8,4,10,8,7,67,61.42,67.0,36.1,74.0,60.9,3,Productivity Risk,productivity,M02,Productivity Coaching,OK,Normal
S344,25,B.Sc,1,9.34,90,71,10,7,5,7,7,2,3,66,62.0,44.5,56.8,26.0,47.58,1,At-Risk,academic,M01,Academic Intervention,⚠️ HIGH RISK ALERT,High
S345,19,B.Tech,6,7.58,73,61,5,8,9,3,10,9,10,54,50.97,76.5,28.2,96.0,64.06,3,Productivity Risk,productivity,M02,Productivity Coaching,OK,Normal
S346,21,B.Tech,8,5.09,90,92,6,5,7,3,10,4,7,91,64.93,55.5,39.3,58.0,55.71,3,Productivity Risk,productivity,M02,Productivity Coaching,OK,Normal
S347,21,B.Tech,5,6.86,93,74,3,6,5,3,8,7,9,86,63.36,58.5,43.8,82.0,62.89,3,Productivity Risk,productivity,M02,Productivity Coaching,OK,Normal
S348,19,MCA,7,8.3,68,75,8,6,3,4,6,1,9,50,51.49,38.0,43.0,58.0,48.05,1,At-Risk,academic,M01,Academic Intervention,⚠️ HIGH RISK ALERT,High
S349,25,MBA,2,8.1,91,97,7,6,6,5,1,2,4,48,67.33,52.5,61.4,32.0,53.6,0,At-Risk,academic,M01,Academic Intervention,OK,Normal
S350,23,MBA,3,8.31,60,69,7,8,4,3,6,5,9,41,46.29,51.5,36.3,74.0,52.52,1,At-Risk,academic,M01,Academic Intervention,OK,Normal
S351,19,B.Sc,7,5.71,75,63,1,6,7,10,2,4,6,84,51.81,71.5,89.2,52.0,64.26,2,High Performer,career,M03,Career Acceleration,OK,Normal
S352,19,MBA,2,6.28,94,67,8,6,6,3,5,4,6,90,62.28,50.0,54.0,52.0,54.98,0,At-Risk,academic,M01,Academic Intervention,OK,Normal
S353,23,MBA,6,8.12,64,86,9,5,10,10,6,1,2,65,51.64,60.0,71.5,16.0,48.79,1,At-Risk,academic,M01,Academic Intervention,⚠️ HIGH RISK ALERT,High
S354,18,B.Tech,4,7.92,60,67,7,8,9,10,8,3,3,82,45.78,71.5,70.6,30.0,53.23,1,At-Risk,academic,M01,Academic Intervention,OK,Normal
S355,18,MCA,1,7.02,94,95,10,6,8,7,4,8,5,59,68.11,53.0,63.7,62.0,61.92,0,Stable,wellness,M04,Regular Mentoring,OK,Normal
S356,18,B.Sc,8,8.17,81,70,2,7,10,6,1,10,10,81,56.95,84.5,75.3,100.0,78.27,2,High Performer,career,M03,Career Acceleration,OK,Normal
S357,23,MCA,8,8.08,73,78,3,5,6,4,4,8,9,72,54.52,59.0,55.6,86.0,63.73,2,Stable,wellness,M04,Regular Mentoring,OK,Normal
S358,18,MBA,8,5.79,68,78,4,7,8,8,6,10,2,65,51.34,71.5,63.5,52.0,58.98,2,Stable,wellness,M04,Regular Mentoring,OK,Normal
S359,21,MBA,8,8.42,96,69,2,7,9,4,8,1,2,57,64.33,80.5,39.1,16.0,51.24,3,At-Risk,academic,M01,Academic Intervention,OK,Normal
S360,18,B.Tech,8,5.92,92,88,7,8,6,3,1,1,5,49,65.38,59.5,53.7,34.0,53.73,0,At-Risk,academic,M01,Academic Intervention,OK,Normal
S361,20,B.Tech,2,5.42,64,89,2,4,10,7,2,6,6,46,51.43,74.0,65.8,60.0,62.09,2,Stable,wellness,M04,Regular Mentoring,OK,Normal
S362,25,MCA,6,6.41,94,71,10,7,3,10,9,1,7,90,63.12,36.5,70.0,46.0,53.56,0,At-Risk,academic,M01,Academic Intervention,OK,Normal
S363,25,MBA,5,9.39,76,65,4,9,3,8,1,9,10,72,53.82,58.5,80.6,96.0,70.89,2,High Performer,career,M03,Career Acceleration,OK,Normal
S364,19,B.Sc,1,8.52,94,73,4,9,7,8,5,8,4,84,64.16,74.5,72.2,56.0,66.31,0,High Performer,career,M03,Career Acceleration,OK,Normal
S365,23,B.Tech,8,6.92,89,95,6,8,3,8,10,8,4,54,65.58,50.0,48.2,56.0,55.81,0,Productivity Risk,productivity,M02,Productivity Coaching,OK,Normal
S366,22,B.Sc,8,8.24,82,89,1,6,3,7,10,2,7,85,61.27,55.5,53.5,50.0,55.46,0,Stable,wellness,M04,Regular Mentoring,OK,Normal
S367,23,MBA,2,6.17,73,100,7,4,6,3,10,3,10,51,58.35,45.5,27.3,72.0,52.34,3,At-Risk,academic,M01,Academic Intervention,OK,Normal
S368,24,MCA,2,6.23,64,96,9,4,8,9,6,10,7,70,53.07,48.5,69.0,82.0,62.35,2,Stable,wellness,M04,Regular Mentoring,OK,Normal
S369,20,B.Sc,5,7.18,64,89,8,9,9,5,7,6,9,87,51.95,72.5,55.1,78.0,64.23,2,High Performer,career,M03,Career Acceleration,OK,Normal
S370,19,B.Sc,7,6.6,99,88,5,4,5,5,8,2,8,87,69.08,46.5,52.1,56.0,56.77,0,Stable,wellness,M04,Regular Mentoring,OK,Normal
S371,21,MBA,5,8.38,97,89,8,4,8,5,9,10,4,84,68.81,51.0,48.2,64.0,59.03,0,Productivity Risk,productivity,M02,Productivity Coaching,OK,Normal
S372,21,B.Sc,2,9.06,76,82,6,5,10,5,2,1,5,87,57.12,67.5,70.1,34.0,56.53,1,Stable,wellness,M04,Regular Mentoring,OK,Normal
S373,20,MCA,1,6.01,67,92,1,9,5,4,8,3,10,50,53.7,74.0,37.0,72.0,60.01,3,Productivity Risk,productivity,M02,Productivity Coaching,OK,Normal
S374,25,B.Tech,4,9.17,100,72,8,4,5,5,5,10,6,76,67.15,39.0,57.8,76.0,60.45,0,Stable,wellness,M04,Regular Mentoring,OK,Normal
S375,19,B.Sc,3,9.21,72,70,9,6,8,8,9,5,10,85,52.76,55.5,60.5,80.0,61.8,2,Stable,wellness,M04,Regular Mentoring,OK,Normal
S376,24,B.Tech,3,5.12,93,79,4,4,10,8,1,7,5,74,63.84,69.0,81.2,58.0,67.14,0,High Performer,career,M03,Career Acceleration,OK,Normal
S377,23,B.Tech,3,9.27,85,80,1,8,5,3,1,10,2,71,61.28,70.5,60.3,52.0,61.07,3,Stable,wellness,M04,Regular Mentoring,OK,Normal
S378,21,MBA,4,8.82,100,99,2,7,3,10,3,5,9,55,72.45,56.5,77.5,74.0,69.86,0,High Performer,career,M03,Career Acceleration,OK,Normal
S379,23,MCA,5,5.71,81,99,8,6,7,7,1,8,8,86,62.01,54.0,80.8,80.0,68.26,0,High Performer,career,M03,Career Acceleration,OK,Normal
S380,21,B.Tech,2,6.04,72,61,9,7,8,3,10,4,3,88,50.01,59.0,38.4,34.0,45.93,1,At-Risk,academic,M01,Academic Intervention,⚠️ HIGH RISK ALERT,High
S381,24,MCA,4,6.02,93,75,5,5,7,9,2,3,9,47,63.31,58.0,74.1,66.0,64.81,0,High Performer,career,M03,Career Acceleration,OK,Normal
S382,22,B.Sc,3,5.8,76,97,2,9,5,4,6,3,5,46,59.14,71.5,41.8,42.0,54.48,3,At-Risk,academic,M01,Academic Intervention,OK,Normal
S383,18,MCA,3,7.39,93,100,8,9,6,5,5,3,5,92,68.72,60.5,62.6,42.0,58.76,0,Stable,wellness,M04,Regular Mentoring,OK,Normal
S384,23,B.Sc,4,6.14,99,71,10,9,9,5,2,3,10,66,65.54,67.5,63.8,72.0,67.3,0,High Performer,career,M03,Career Acceleration,OK,Normal
S385,20,MCA,8,7.51,82,85,3,8,7,5,3,8,9,87,60.25,73.5,67.1,86.0,71.37,2,High Performer,career,M03,Career Acceleration,OK,Normal
S386,23,MCA,3,7.07,92,65,9,5,8,5,10,3,7,46,61.12,52.0,33.8,54.0,51.6,3,At-Risk,academic,M01,Academic Intervention,OK,Normal
S387,22,B.Sc,4,9.2,89,90,3,6,4,9,5,1,9,77,65.26,54.5,74.1,58.0,62.52,0,Stable,wellness,M04,Regular Mentoring,OK,Normal
S388,21,B.Sc,5,7.89,94,93,1,5,7,4,9,7,3,43,67.97,68.0,31.9,46.0,55.27,3,Productivity Risk,productivity,M02,Productivity Coaching,OK,Normal
S389,21,MCA,7,8.39,60,92,3,9,8,4,5,8,6,77,50.92,81.0,54.1,68.0,63.35,2,Stable,wellness,M04,Regular Mentoring,OK,Normal
S390,23,MBA,8,8.73,98,84,8,5,6,9,1,1,10,59,68.42,46.5,80.7,64.0,64.29,0,High Performer,career,M03,Career Acceleration,OK,Normal
S391,18,B.Tech,3,6.35,83,96,2,6,4,5,3,4,9,58,62.61,57.0,58.4,70.0,62.21,0,Stable,wellness,M04,Regular Mentoring,OK,Normal
S392,21,MBA,1,7.78,73,79,4,8,6,9,4,10,7,100,54.63,67.0,84.0,82.0,70.44,2,High Performer,career,M03,Career Acceleration,OK,Normal
S393,24,B.Tech,7,5.75,93,75,7,5,4,9,5,4,8,100,63.23,41.0,81.0,64.0,61.42,0,Stable,wellness,M04,Regular Mentoring,OK,Normal
S394,23,MCA,3,6.92,88,68,4,7,4,8,5,6,5,64,59.68,55.5,66.2,54.0,58.52,0,Stable,wellness,M04,Regular Mentoring,OK,Normal
S395,23,B.Sc,1,8.77,65,99,6,4,5,9,6,8,5,49,54.93,44.0,62.7,62.0,55.52,1,Stable,wellness,M04,Regular Mentoring,OK,Normal
S396,19,B.Tech,8,8.11,78,86,9,8,3,3,5,7,6,43,58.63,42.5,39.9,64.0,52.19,3,At-Risk,academic,M01,Academic Intervention,OK,Normal
S397,25,MCA,7,6.61,97,85,4,7,7,6,1,6,2,58,67.48,67.5,68.4,36.0,59.8,0,Stable,wellness,M04,Regular Mentoring,OK,Normal
S398,25,MBA,7,6.03,89,95,3,8,5,4,8,4,8,68,65.31,65.5,42.4,64.0,60.45,3,Productivity Risk,productivity,M02,Productivity Coaching,OK,Normal
S399,23,B.Sc,6,5.16,97,73,8,6,10,3,10,6,5,56,64.65,66.0,28.8,54.0,55.15,3,Productivity Risk,productivity,M02,Productivity Coaching,OK,Normal
S400,19,MCA,3,5.65,72,72,7,7,10,8,7,10,7,53,52.09,72.0,56.9,82.0,65.51,2,High Performer,career,M03,Career Acceleration,OK,Normal
S401,19,B.Sc,1,8.95,85,70,10,7,10,5,5,6,8,54,59.19,64.5,51.2,72.0,62.12,3,Stable,wellness,M04,Regular Mentoring,OK,Normal
S402,21,B.Sc,3,5.95,68,100,10,8,4,9,1,5,9,76,55.78,44.0,85.8,74.0,63.39,0,Stable,wellness,M04,Regular Mentoring,OK,Normal
S403,18,B.Sc,6,7.12,92,71,8,9,10,9,3,8,9,40,62.34,76.5,69.0,86.0,73.13,2,High Performer,career,M03,Career Acceleration,OK,Normal
S404,25,MCA,1,5.78,72,70,1,7,10,8,7,9,4,77,51.73,87.0,64.1,60.0,65.09,2,High Performer,career,M03,Career Acceleration,OK,Normal
S405,19,B.Tech,5,5.07,72,78,6,4,3,4,4,5,4,41,53.12,36.0,46.3,44.0,45.2,1,At-Risk,academic,M01,Academic Intervention,⚠️ HIGH RISK ALERT,High
S406,22,B.Sc,6,7.1,61,77,4,5,10,10,6,5,8,96,48.03,72.5,80.8,68.0,65.69,2,High Performer,career,M03,Career Acceleration,OK,Normal
S407,24,MBA,6,6.88,97,99,5,8,3,3,3,6,5,74,70.36,52.5,55.2,54.0,58.77,0,Stable,wellness,M04,Regular Mentoring,OK,Normal
S408,24,B.Tech,8,5.34,84,68,1,9,4,6,6,4,7,70,57.2,70.0,57.0,58.0,60.56,2,Stable,wellness,M04,Regular Mentoring,OK,Normal
S409,25,B.Tech,1,9.35,72,100,8,9,7,3,7,8,10,44,58.8,64.5,34.2,92.0,63.61,3,Productivity Risk,productivity,M02,Productivity Coaching,OK,Normal
S410,18,MCA,1,6.18,80,96,4,7,10,8,4,7,8,43,61.05,79.5,62.9,76.0,69.77,2,High Performer,career,M03,Career Acceleration,OK,Normal
S411,20,MBA,4,8.52,71,61,9,6,10,6,8,3,6,100,50.26,63.5,60.0,48.0,54.95,1,At-Risk,academic,M01,Academic Intervention,OK,Normal
S412,22,B.Sc,5,7.43,67,74,7,5,7,10,1,6,2,40,50.53,53.0,79.0,36.0,53.21,1,At-Risk,academic,M01,Academic Intervention,OK,Normal
S413,23,B.Sc,8,6.15,76,70,1,8,9,8,9,2,9,84,53.84,86.5,60.2,62.0,65.32,2,High Performer,career,M03,Career Acceleration,OK,Normal
S414,24,MBA,5,5.7,78,79,1,4,7,4,5,1,7,98,56.51,64.5,60.4,46.0,56.66,1,Stable,wellness,M04,Regular Mentoring,OK,Normal
S415,23,MBA,6,8.37,73,75,4,5,5,10,9,9,3,71,54.01,52.5,64.3,54.0,55.69,1,Stable,wellness,M04,Regular Mentoring,OK,Normal
S416,18,B.Tech,7,8.55,81,84,5,4,6,10,5,9,8,89,59.86,50.5,81.7,84.0,67.92,0,High Performer,career,M03,Career Acceleration,OK,Normal
S417,20,B.Tech,6,6.93,92,75,5,4,8,8,7,2,8,71,63.08,58.5,62.3,56.0,60.01,0,Stable,wellness,M04,Regular Mentoring,OK,Normal
S418,19,MBA,6,6.2,78,96,1,7,3,8,7,8,5,73,60.06,59.0,62.9,62.0,60.85,0,Stable,wellness,M04,Regular Mentoring,OK,Normal
S419,24,B.Sc,6,8.35,98,100,1,9,7,4,10,7,3,57,71.5,82.0,33.1,46.0,60.07,3,Productivity Risk,productivity,M02,Productivity Coaching,OK,Normal
S420,20,B.Sc,4,9.47,92,77,6,7,7,7,2,3,10,65,64.24,62.5,71.5,72.0,67.2,0,High Performer,career,M03,Career Acceleration,OK,Normal
S421,20,MCA,4,8.19,86,89,9,9,9,5,9,10,8,60,63.26,70.0,41.0,88.0,66.68,3,Productivity Risk,productivity,M02,Productivity Coaching,OK,Normal
S422,22,B.Sc,5,6.78,72,76,6,9,9,4,5,3,2,100,53.23,77.5,61.0,24.0,53.54,1,At-Risk,academic,M01,Academic Intervention,OK,Normal
S423,18,B.Tech,6,6.56,65,88,9,7,5,6,9,6,8,85,52.07,47.0,52.5,72.0,55.87,1,Stable,wellness,M04,Regular Mentoring,OK,Normal
S424,21,B.Sc,4,8.43,67,67,8,9,9,3,5,6,6,94,49.43,72.5,55.2,60.0,58.99,2,Stable,wellness,M04,Regular Mentoring,OK,Normal
S425,24,B.Sc,6,5.33,85,79,9,6,3,3,3,2,7,49,59.9,35.5,47.7,50.0,48.88,1,At-Risk,academic,M01,Academic Intervention,⚠️ HIGH RISK ALERT,High
S426,25,B.Tech,6,6.84,61,61,5,7,9,6,7,9,10,89,44.75,73.0,59.7,96.0,67.61,2,High Performer,career,M03,Career Acceleration,OK,Normal
S427,25,B.Tech,4,7.64,68,61,9,4,3,4,5,9,9,67,48.49,28.5,51.1,90.0,54.39,1,At-Risk,academic,M01,Academic Intervention,OK,Normal
S428,22,MCA,4,8.01,79,81,4,4,5,5,3,4,5,80,58.1,49.0,65.0,46.0,54.18,1,At-Risk,academic,M01,Academic Intervention,OK,Normal
S429,22,B.Tech,8,5.07,69,79,9,8,4,8,6,1,8,96,51.82,46.5,72.8,52.0,54.73,1,At-Risk,academic,M01,Academic Intervention,OK,Normal
S430,23,B.Sc,7,9.19,62,100,3,9,4,5,10,1,10,79,53.76,65.0,43.7,64.0,57.12,3,Productivity Risk,productivity,M02,Productivity Coaching,OK,Normal
S431,18,MCA,5,8.35,65,74,4,5,6,9,3,8,3,49,49.81,56.5,71.7,50.0,55.91,1,Stable,wellness,M04,Regular Mentoring,OK,Normal
S432,19,MCA,4,6.4,95,85,7,6,6,6,4,5,5,72,66.42,52.5,63.6,50.0,58.27,0,Stable,wellness,M04,Regular Mentoring,OK,Normal
S433,21,MCA,3,7.13,62,73,7,9,4,10,2,6,8,40,47.74,55.0,76.0,72.0,61.27,2,Stable,wellness,M04,Regular Mentoring,OK,Normal
S434,22,MBA,3,8.39,95,68,9,9,8,7,10,7,7,58,63.62,66.0,45.4,70.0,62.17,3,Productivity Risk,productivity,M02,Productivity Coaching,OK,Normal
S435,25,B.Tech,6,8.94,74,80,7,7,8,4,9,2,9,78,55.68,64.0,42.4,62.0,56.68,3,Productivity Risk,productivity,M02,Productivity Coaching,OK,Normal
S436,21,MBA,3,6.74,72,92,9,7,3,6,10,6,3,86,56.42,39.0,49.8,42.0,47.14,1,At-Risk,academic,M01,Academic Intervention,⚠️ HIGH RISK ALERT,High
S437,24,MCA,7,5.71,89,65,3,6,3,4,6,9,3,41,59.21,50.5,40.3,54.0,51.95,3,At-Risk,academic,M01,Academic Intervention,OK,Normal
S438,21,MBA,5,5.2,71,87,10,4,3,3,8,10,2,46,54.46,26.0,31.8,52.0,42.2,1,At-Risk,academic,M01,Academic Intervention,⚠️ HIGH RISK ALERT,High
S439,23,B.Tech,1,6.76,84,60,8,8,6,3,3,7,2,99,56.03,57.0,62.7,40.0,53.6,1,At-Risk,academic,M01,Academic Intervention,OK,Normal
S440,20,B.Sc,2,7.31,83,69,9,9,3,3,1,1,2,83,57.49,46.0,63.9,16.0,45.53,1,At-Risk,academic,M01,Academic Intervention,⚠️ HIGH RISK ALERT,High
S441,20,B.Tech,1,5.9,83,82,10,9,9,4,10,4,4,97,59.67,67.5,45.1,40.0,53.8,3,At-Risk,academic,M01,Academic Intervention,OK,Normal
S442,25,MBA,4,8.01,90,82,3,5,4,9,5,4,8,87,63.8,51.0,77.1,64.0,63.31,0,Stable,wellness,M04,Regular Mentoring,OK,Normal
S443,25,MBA,1,6.04,93,80,3,4,6,7,10,5,4,75,64.31,55.5,50.5,44.0,54.27,3,At-Risk,academic,M01,Academic Intervention,OK,Normal
S444,19,MBA,1,6.64,97,99,10,4,8,9,9,10,6,63,70.29,46.0,57.9,76.0,63.17,0,Stable,wellness,M04,Regular Mentoring,OK,Normal
S445,18,B.Sc,6,7.05,83,72,7,5,3,4,1,6,3,95,58.02,37.0,71.5,42.0,51.46,1,At-Risk,academic,M01,Academic Intervention,OK,Normal
S446,23,MBA,4,8.87,79,90,8,7,8,5,5,7,10,73,60.16,61.5,56.9,88.0,66.8,2,High Performer,career,M03,Career Acceleration,OK,Normal
S447,24,B.Tech,3,5.42,81,68,9,5,8,7,10,8,10,78,55.73,52.0,51.4,92.0,63.0,3,Stable,wellness,M04,Regular Mentoring,OK,Normal
S448,23,B.Tech,1,7.86,74,83,1,8,4,3,7,5,8,73,55.96,66.5,42.9,68.0,58.99,3,Productivity Risk,productivity,M02,Productivity Coaching,OK,Normal
S449,21,MCA,5,6.85,61,66,7,7,3,10,9,9,3,82,45.76,44.0,67.6,54.0,51.75,1,At-Risk,academic,M01,Academic Intervention,OK,Normal
S450,24,B.Sc,4,8.96,81,70,10,4,10,4,7,2,4,68,57.19,54.0,45.4,32.0,47.74,1,At-Risk,academic,M01,Academic Intervention,⚠️ HIGH RISK ALERT,High
S451,22,B.Tech,8,8.4,74,89,4,4,10,10,10,10,5,67,57.32,69.0,60.1,70.0,63.97,2,Stable,wellness,M04,Regular Mentoring,OK,Normal
S452,21,B.Tech,5,5.45,84,93,4,9,4,4,1,9,6,88,62.23,62.5,69.4,72.0,66.17,0,High Performer,career,M03,Career Acceleration,OK,Normal
S453,19,B.Tech,2,5.4,78,70,6,6,10,8,3,5,10,64,54.62,71.0,72.2,80.0,68.58,2,High Performer,career,M03,Career Acceleration,OK,Normal
S454,23,B.Tech,6,7.21,64,90,8,6,9,3,8,5,3,92,52.16,62.0,45.6,38.0,49.77,1,At-Risk,academic,M01,Academic Intervention,⚠️ HIGH RISK ALERT,High
S455,25,B.Sc,7,5.07,70,100,9,7,9,4,3,8,6,54,56.52,63.0,53.2,68.0,60.35,3,Stable,wellness,M04,Regular Mentoring,OK,Normal
S456,18,B.Tech,6,5.59,79,99,1,9,7,7,5,1,2,96,60.98,82.0,71.8,16.0,57.15,1,Stable,wellness,M04,Regular Mentoring,OK,Normal
S457,25,B.Sc,5,8.79,66,73,8,8,8,7,6,1,8,61,50.24,65.0,58.3,52.0,55.98,1,Stable,wellness,M04,Regular Mentoring,OK,Normal
S458,19,MBA,3,7.9,69,90,10,6,4,4,3,4,9,97,54.87,37.0,66.1,70.0,56.43,0,Stable,wellness,M04,Regular Mentoring,OK,Normal
S459,23,MBA,3,5.58,95,64,5,4,8,6,7,10,9,75,61.97,58.5,55.5,94.0,67.82,0,High Performer,career,M03,Career Acceleration,OK,Normal
S460,21,MCA,6,5.32,96,87,4,4,5,10,9,2,10,50,67.0,49.0,58.0,68.0,60.95,0,Stable,wellness,M04,Regular Mentoring,OK,Normal
S461,20,B.Tech,6,8.54,93,93,3,4,4,8,4,2,10,53,67.66,47.5,65.9,68.0,62.35,0,Stable,wellness,M04,Regular Mentoring,OK,Normal
S462,18,B.Sc,2,6.81,65,61,9,8,8,7,2,10,10,89,46.74,62.5,78.7,100.0,70.39,2,High Performer,career,M03,Career Acceleration,OK,Normal
S463,25,B.Sc,1,6.92,66,88,3,5,6,10,3,5,5,81,52.68,59.0,85.3,50.0,60.11,1,Stable,wellness,M04,Regular Mentoring,OK,Normal
S464,18,MCA,8,6.01,75,66,2,4,7,6,7,2,2,56,52.5,62.0,49.8,20.0,46.21,1,At-Risk,academic,M01,Academic Intervention,⚠️ HIGH RISK ALERT,High
S465,19,MCA,1,6.99,93,79,9,6,9,6,8,9,9,42,64.4,59.5,42.6,90.0,65.22,3,Productivity Risk,productivity,M02,Productivity Coaching,OK,Normal
S466,25,B.Tech,7,8.16,68,80,3,7,8,7,8,2,5,47,52.45,74.0,48.1,38.0,53.36,1,At-Risk,academic,M01,Academic Intervention,OK,Normal
S467,19,MCA,3,7.36,94,69,3,6,3,6,1,6,10,66,63.01,50.5,70.8,84.0,66.69,0,High Performer,career,M03,Career Acceleration,OK,Normal
S468,20,MCA,7,8.16,77,87,10,9,7,9,6,5,8,40,58.35,59.5,60.0,68.0,61.38,0,Stable,wellness,M04,Regular Mentoring,OK,Normal
S469,19,MBA,6,9.0,77,85,6,6,10,10,10,2,9,78,58.2,71.0,63.4,62.0,63.39,2,Stable,wellness,M04,Regular Mentoring,OK,Normal
S470,20,MCA,2,6.26,69,73,2,4,5,8,10,9,7,82,50.98,54.0,56.6,78.0,59.61,2,Stable,wellness,M04,Regular Mentoring,OK,Normal
S471,18,MCA,6,6.48,93,98,2,8,7,10,10,10,3,81,68.04,76.0,64.3,58.0,66.77,0,High Performer,career,M03,Career Acceleration,OK,Normal
S472,19,MBA,3,6.6,70,70,6,9,10,6,9,4,3,86,50.98,81.5,52.8,34.0,54.73,1,At-Risk,academic,M01,Academic Intervention,OK,Normal
S473,21,B.Sc,7,5.86,82,70,1,4,7,3,10,5,4,68,56.76,64.5,32.4,44.0,50.63,3,At-Risk,academic,M01,Academic Intervention,OK,Normal
S474,24,B.Sc,2,5.41,92,75,5,6,7,3,6,3,6,65,62.62,61.5,43.5,48.0,54.86,3,At-Risk,academic,M01,Academic Intervention,OK,Normal
S475,25,B.Tech,7,5.74,87,99,3,5,8,4,5,10,10,49,65.02,67.0,45.7,100.0,70.4,3,Productivity Risk,productivity,M02,Productivity Coaching,OK,Normal
S476,19,B.Sc,4,6.29,71,63,7,8,7,7,8,1,3,52,49.99,63.5,49.6,22.0,46.29,1,At-Risk,academic,M01,Academic Intervention,⚠️ HIGH RISK ALERT,High
S477,22,B.Tech,5,5.39,61,67,9,4,7,7,9,6,4,44,45.52,44.5,44.2,48.0,45.62,1,At-Risk,academic,M01,Academic Intervention,⚠️ HIGH RISK ALERT,High
S478,25,MCA,8,8.98,78,66,7,9,6,7,3,10,2,66,54.89,63.0,68.8,52.0,58.98,1,Stable,wellness,M04,Regular Mentoring,OK,Normal
S479,21,B.Tech,4,6.36,99,83,10,7,5,7,1,7,7,62,68.01,44.5,73.6,70.0,63.75,0,Stable,wellness,M04,Regular Mentoring,OK,Normal
S480,22,MCA,6,9.09,69,74,3,5,5,10,4,2,6,46,52.03,55.0,71.8,44.0,54.72,1,At-Risk,academic,M01,Academic Intervention,OK,Normal
S481,21,MCA,2,9.19,95,86,3,7,8,4,9,7,6,63,67.46,74.0,37.9,64.0,62.32,3,Productivity Risk,productivity,M02,Productivity Coaching,OK,Normal
S482,23,B.Sc,3,8.69,86,88,6,7,5,5,2,7,10,62,63.21,54.5,62.6,88.0,67.11,0,High Performer,career,M03,Career Acceleration,OK,Normal
S483,23,B.Tech,4,5.81,94,85,7,7,7,6,1,7,7,99,65.74,60.0,80.7,70.0,68.36,0,High Performer,career,M03,Career Acceleration,OK,Normal
S484,22,B.Tech,7,6.7,65,98,3,7,8,7,6,4,10,40,54.11,74.0,52.0,76.0,64.13,2,High Performer,career,M03,Career Acceleration,OK,Normal
S485,23,MBA,7,5.69,61,71,9,9,8,3,2,4,4,92,46.41,66.0,63.6,40.0,53.14,1,At-Risk,academic,M01,Academic Intervention,OK,Normal
S486,24,MCA,8,6.18,95,71,4,8,3,5,9,1,9,49,63.55,55.0,37.7,58.0,54.85,3,At-Risk,academic,M01,Academic Intervention,OK,Normal
S487,25,MCA,5,7.07,60,82,2,7,5,8,5,7,2,54,48.52,64.5,63.2,40.0,53.32,1,At-Risk,academic,M01,Academic Intervention,OK,Normal
S488,20,B.Tech,7,7.86,64,90,6,6,4,6,7,8,5,52,52.36,47.0,48.6,62.0,52.68,1,At-Risk,academic,M01,Academic Intervention,OK,Normal
S489,22,MBA,4,6.6,76,77,8,9,10,3,10,10,9,50,55.38,76.5,27.0,94.0,64.64,3,Productivity Risk,productivity,M02,Productivity Coaching,OK,Normal
S490,23,MCA,4,9.43,100,76,4,9,3,6,3,4,10,70,68.03,58.5,66.0,76.0,67.23,0,High Performer,career,M03,Career Acceleration,OK,Normal
S491,21,B.Sc,7,6.83,64,93,9,9,7,4,5,5,4,47,52.65,62.0,45.1,44.0,51.31,1,At-Risk,academic,M01,Academic Intervention,OK,Normal
S492,23,B.Sc,3,7.22,94,72,3,7,4,4,6,10,6,78,63.57,58.0,51.4,76.0,62.85,3,Stable,wellness,M04,Regular Mentoring,OK,Normal
S493,23,B.Sc,1,5.57,70,71,10,6,7,9,5,6,5,75,50.87,49.0,73.5,54.0,55.71,1,Stable,wellness,M04,Regular Mentoring,OK,Normal
S494,22,B.Sc,3,8.62,96,71,6,4,9,10,1,7,5,100,64.79,60.0,97.0,58.0,68.34,0,High Performer,career,M03,Career Acceleration,OK,Normal
S495,21,MBA,3,7.72,70,97,7,7,8,9,6,5,7,100,56.72,64.0,78.0,62.0,64.12,2,High Performer,career,M03,Career Acceleration,OK,Normal
S496,22,B.Sc,3,7.5,75,91,5,4,7,8,1,6,6,53,57.95,54.5,74.9,60.0,60.99,0,Stable,wellness,M04,Regular Mentoring,OK,Normal
S497,21,B.Tech,2,8.78,81,75,10,9,4,10,3,10,2,94,58.13,47.5,89.2,52.0,60.15,0,Stable,wellness,M04,Regular Mentoring,OK,Normal
S498,23,MCA,4,5.68,65,78,3,4,6,6,1,1,2,50,49.8,55.5,66.0,16.0,46.02,1,At-Risk,academic,M01,Academic Intervention,⚠️ HIGH RISK ALERT,High
S499,19,B.Tech,2,8.68,98,69,9,6,8,5,6,7,8,46,65.4,55.5,45.8,76.0,61.66,3,Productivity Risk,productivity,M02,Productivity Coaching,OK,Normal
S500,22,B.Sc,6,7.68,61,90,1,6,4,8,8,8,7,76,50.8,59.5,60.8,74.0,60.77,2,Stable,wellness,M04,Regular Mentoring,OK,Normal
